Requested URL,Final URL,Performance: First Contentful Paint (numeric),Performance: Speed Index (numeric),Performance: Largest Contentful Paint (numeric),Performance: Time to Interactive (numeric),Performance: Total Blocking Time (numeric),Performance: Cumulative Layout Shift (numeric),Performance: First CPU Idle (numeric),Performance: Max Potential First Input Delay (numeric),Performance: First Meaningful Paint (numeric),Performance: Estimated Input Latency (numeric),Performance: Eliminate render-blocking resources (numeric),Performance: Properly size images (numeric),Performance: Defer offscreen images (numeric),Performance: Minify CSS (numeric),Performance: Minify JavaScript (numeric),Performance: Remove unused CSS (numeric),Performance: Remove unused JavaScript (numeric),Performance: Efficiently encode images (numeric),Performance: Serve images in next-gen formats (numeric),Performance: Enable text compression (numeric),Performance: Preconnect to required origins (numeric),Performance: Initial server response time was short (binary),Performance: Avoid multiple page redirects (numeric),Performance: Preload key requests (numeric),Performance: Use video formats for animated content (numeric),Performance: Avoids enormous network payloads (numeric),Performance: Serve static assets with an efficient cache policy (numeric),Performance: Avoids an excessive DOM size (numeric),Performance: Avoid chaining critical requests (informative),Performance: User Timing marks and measures (notApplicable),Performance: JavaScript execution time (numeric),Performance: Minimizes main-thread work (numeric),Performance: Ensure text remains visible during webfont load (binary),Performance: Performance budget (notApplicable),Performance: Timing budget (notApplicable),Performance: Keep request counts low and transfer sizes small (informative),Performance: Minimize third-party usage (binary),Performance: Largest Contentful Paint element (informative),Performance: Avoid large layout shifts (informative),Performance: Uses HTTP/2 for its own resources (binary),Performance: Uses passive listeners to improve scrolling performance (binary),Performance: Avoids `document.write()` (binary),Performance: Avoid long main-thread tasks (informative),Performance: Network Requests (informative),Performance: Network Round Trip Times (informative),Performance: Server Backend Latencies (informative),Performance: Tasks (informative),Performance: Diagnostics (informative),Performance: Metrics (informative),Performance: Screenshot Thumbnails (informative),Performance: Final Screenshot (informative)
http://dfwfreeways.com/,http://dfwfreeways.com/,1,1,0.69,1,1,1,1,1,1,1,0.86,1,1,1,1,1,1,0.75,0.41,0.67,1,1,1,1,1,1,0.19,0.86,-1,-1,1,1,1,-1,-1,-1,-1,-1,-1,0,1,1,-1,-1,-1,-1,-1,-1,-1,-1,-1
"
http://dfwfreeways.com/Default/Error404?aspxerrorpath=%2FScripts%2Ftarget%5B,http://dfwfreeways.com/Default/Error404?aspxerrorpath=%2FScripts%2Ftarget%5B,1,1,1,1,1,1,1,1,1,1,1,1,1,1,1,1,1,1,1,1,1,1,1,1,1,1,1,1,-1,-1,1,1,1,-1,-1,-1,-1,-1,-1,0,1,1,-1,-1,-1,-1,-1,-1,-1,-1,-1
"
http://dfwfreeways.com/Default/Error404?aspxerrorpath=%2Fa,http://dfwfreeways.com/Default/Error404?aspxerrorpath=%2Fa,1,1,1,1,1,1,1,1,1,1,1,1,1,1,1,1,1,1,1,1,1,1,1,1,1,1,1,1,-1,-1,1,1,1,-1,-1,-1,-1,-1,-1,0,1,1,-1,-1,-1,-1,-1,-1,-1,-1,-1
"
http://dfwfreeways.com/aerial/bush/all,http://dfwfreeways.com/aerial/bush/all,0.94,0.95,0.74,0.94,1,1,0.99,0.8,0.94,1,0.47,1,1,1,0.43,1,0.36,0,0,0.67,1,1,1,1,1,0.7,0,0.77,-1,-1,1,1,1,-1,-1,-1,1,-1,-1,0,1,1,-1,-1,-1,-1,-1,-1,-1,-1,-1
"
http://dfwfreeways.com/aerial/bush/carrollton,http://dfwfreeways.com/aerial/bush/carrollton,0.98,0.96,0.99,0.99,1,1,1,0.95,0.98,1,0.47,1,1,1,0.5,1,0.45,1,0.88,1,1,1,1,1,1,1,0.32,1,-1,-1,1,1,1,-1,-1,-1,1,-1,-1,0,1,1,-1,-1,-1,-1,-1,-1,-1,-1,-1
"
http://dfwfreeways.com/aerial/bush/dnt,http://dfwfreeways.com/aerial/bush/dnt,0.97,0.89,0.98,0.96,1,1,1,0.92,0.97,1,0.46,1,1,1,0.45,1,0.38,0.58,0.49,1,1,1,1,1,1,1,0.17,1,-1,-1,1,1,1,-1,-1,-1,1,-1,-1,0,1,1,-1,-1,-1,-1,-1,-1,-1,-1,-1
"
http://dfwfreeways.com/aerial/bush/i30,http://dfwfreeways.com/aerial/bush/i30,0.98,0.98,0.99,0.98,1,1,1,0.94,0.98,1,0.47,1,1,1,0.48,1,0.41,0.58,0.48,1,1,1,1,1,1,1,0.2,1,-1,-1,1,1,1,-1,-1,-1,1,-1,-1,0,1,1,-1,-1,-1,-1,-1,-1,-1,-1,-1
"
http://dfwfreeways.com/aerial/bush/i35e,http://dfwfreeways.com/aerial/bush/i35e,0.97,0.97,0.99,0.96,1,1,1,0.89,0.97,1,0.47,1,1,1,0.43,1,0.36,0.26,0.2,0.88,1,1,1,1,1,1,0.04,1,-1,-1,1,1,1,-1,-1,-1,1,-1,-1,0,1,1,-1,-1,-1,-1,-1,-1,-1,-1,-1
"
http://dfwfreeways.com/aerial/bush/i635,http://dfwfreeways.com/aerial/bush/i635,0.97,0.96,0.99,0.96,1,1,1,0.92,0.97,1,0.47,1,1,1,0.43,1,0.36,0.45,0.41,0.88,1,1,1,1,1,1,0.09,1,-1,-1,1,1,1,-1,-1,-1,1,-1,-1,0,1,1,-1,-1,-1,-1,-1,-1,-1,-1,-1
"
http://dfwfreeways.com/aerial/bush/plano,http://dfwfreeways.com/aerial/bush/plano,0.97,0.98,0.99,0.97,1,1,1,0.94,0.97,1,0.47,1,1,1,0.46,1,0.39,0.49,0.47,0.88,1,1,1,1,1,1,0.15,1,-1,-1,1,1,1,-1,-1,-1,1,-1,-1,0,1,1,-1,-1,-1,-1,-1,-1,-1,-1,-1
"
http://dfwfreeways.com/aerial/bush/sh114,http://dfwfreeways.com/aerial/bush/sh114,0.97,0.96,0.99,0.96,1,1,1,0.93,0.97,1,0.47,1,1,1,0.45,1,0.38,0.46,0.42,0.88,1,1,1,1,1,1,0.11,1,-1,-1,1,1,1,-1,-1,-1,1,-1,-1,0,1,1,-1,-1,-1,-1,-1,-1,-1,-1,-1
"
http://dfwfreeways.com/aerial/bush/us75,http://dfwfreeways.com/aerial/bush/us75,0.97,0.98,0.99,0.96,1,1,1,0.93,0.97,1,0.47,1,1,1,0.43,1,0.36,0.38,0.35,0.88,1,1,1,1,1,1,0.07,1,-1,-1,1,1,1,-1,-1,-1,1,-1,-1,0,1,1,-1,-1,-1,-1,-1,-1,-1,-1,-1
"
http://dfwfreeways.com/aerial/chisholm-trail-parkway/fort-worth,http://dfwfreeways.com/aerial/chisholm-trail-parkway/fort-worth,0.98,0.99,0.87,0.99,1,1,1,0.93,0.98,1,0.47,1,1,1,0.5,1,0.45,0.75,0.67,1,1,1,1,1,1,1,0.29,1,-1,-1,1,1,1,-1,-1,-1,1,-1,-1,0,1,1,-1,-1,-1,-1,-1,-1,-1,-1,-1
"
http://dfwfreeways.com/aerial/dnt/addison,http://dfwfreeways.com/aerial/dnt/addison,0.97,0.96,0.79,0.96,1,1,1,0.94,0.97,1,0.47,1,1,1,0.43,1,0.36,0.24,0.18,0.88,1,1,1,1,1,1,0.04,1,-1,-1,1,1,1,-1,-1,-1,1,-1,-1,0,1,1,-1,-1,-1,-1,-1,-1,-1,-1,-1
"
http://dfwfreeways.com/aerial/dnt/all,http://dfwfreeways.com/aerial/dnt/all,0.93,0.94,0.96,0.94,1,1,0.99,0.77,0.93,1,0.46,1,1,1,0.43,1,0.36,0,0,0.67,1,1,1,1,1,0.79,0,0.8,-1,-1,1,1,1,-1,-1,-1,1,-1,-1,0,1,1,-1,-1,-1,-1,-1,-1,-1,-1,-1
"
http://dfwfreeways.com/aerial/dnt/bush,http://dfwfreeways.com/aerial/dnt/bush,0.98,0.98,0.99,0.98,1,1,1,0.94,0.98,1,0.47,1,1,1,0.46,1,0.39,0.52,0.49,1,1,1,1,1,1,1,0.17,1,-1,-1,1,1,1,-1,-1,-1,1,-1,-1,0,1,1,-1,-1,-1,-1,-1,-1,-1,-1,-1
"
http://dfwfreeways.com/aerial/dnt/i635,http://dfwfreeways.com/aerial/dnt/i635,0.97,0.98,0.99,0.97,1,1,1,0.9,0.97,1,0.47,1,1,1,0.46,1,0.39,0.54,0.49,0.88,1,1,1,1,1,1,0.15,1,-1,-1,1,1,1,-1,-1,-1,1,-1,-1,0,1,1,-1,-1,-1,-1,-1,-1,-1,-1,-1
"
http://dfwfreeways.com/aerial/dnt/loop12,http://dfwfreeways.com/aerial/dnt/loop12,0.98,0.99,0.9,0.99,1,1,1,0.95,0.98,1,0.47,1,1,1,0.48,1,0.45,0.67,0.67,1,1,1,1,1,1,1,0.33,1,-1,-1,1,1,1,-1,-1,-1,1,-1,-1,0,1,1,-1,-1,-1,-1,-1,-1,-1,-1,-1
"
http://dfwfreeways.com/aerial/dnt/park-cities,http://dfwfreeways.com/aerial/dnt/park-cities,0.98,0.99,0.85,0.99,1,1,1,0.95,0.98,1,0.47,1,1,1,0.5,1,0.45,0.67,0.58,1,1,1,1,1,1,1,0.31,1,-1,-1,1,1,1,-1,-1,-1,1,-1,-1,0,1,1,-1,-1,-1,-1,-1,-1,-1,-1,-1
"
http://dfwfreeways.com/aerial/dnt/plano,http://dfwfreeways.com/aerial/dnt/plano,0.97,0.96,0.91,0.96,1,1,1,0.95,0.97,1,0.47,1,1,1,0.43,1,0.36,0.46,0.44,0.88,1,1,1,1,1,1,0.11,1,-1,-1,1,1,1,-1,-1,-1,1,-1,-1,0,1,1,-1,-1,-1,-1,-1,-1,-1,-1,-1
"
http://dfwfreeways.com/aerial/dnt/sh121,http://dfwfreeways.com/aerial/dnt/sh121,0.97,0.97,0.99,0.96,1,1,1,0.92,0.97,1,0.47,1,1,1,0.43,1,0.36,0.39,0.36,0.88,1,1,1,1,1,1,0.08,1,-1,-1,1,1,1,-1,-1,-1,1,-1,-1,0,1,1,-1,-1,-1,-1,-1,-1,-1,-1,-1
"
http://dfwfreeways.com/aerial/downtown/gallery,http://dfwfreeways.com/aerial/downtown/gallery,0.96,0.96,0.98,0.96,1,1,1,0.89,0.96,1,0.47,1,1,1,0.43,1,0.36,0.01,0,0.75,1,1,1,1,1,1,0.01,0.97,-1,-1,1,1,1,-1,-1,-1,1,-1,-1,0,1,1,-1,-1,-1,-1,-1,-1,-1,-1,-1
"
http://dfwfreeways.com/aerial/i20-dallas/all,http://dfwfreeways.com/aerial/i20-dallas/all,0.96,0.9,0.7,0.95,1,1,1,0.87,0.96,1,0.47,1,1,1,0.43,1,0.36,0.07,0,0.75,1,1,1,1,1,0.98,0.01,0.98,-1,-1,1,1,1,-1,-1,-1,1,-1,-1,0,1,1,-1,-1,-1,-1,-1,-1,-1,-1,-1
"
http://dfwfreeways.com/aerial/i20-dallas/i20-i35e,http://dfwfreeways.com/aerial/i20-dallas/i20-i35e,0.98,0.97,0.95,0.98,1,1,1,0.94,0.98,1,0.47,1,1,1,0.46,1,0.39,0.49,0.47,1,1,1,1,1,1,1,0.16,1,-1,-1,1,1,1,-1,-1,-1,1,-1,-1,0,1,1,-1,-1,-1,-1,-1,-1,-1,-1,-1
"
http://dfwfreeways.com/aerial/i20-dallas/i20-i45,http://dfwfreeways.com/aerial/i20-dallas/i20-i45,0.98,0.98,0.88,0.98,1,1,1,0.92,0.98,1,0.47,1,1,1,0.46,1,0.39,0.58,0.5,1,1,1,1,1,1,1,0.22,1,-1,-1,1,1,1,-1,-1,-1,1,-1,-1,0,1,1,-1,-1,-1,-1,-1,-1,-1,-1,-1
"
http://dfwfreeways.com/aerial/i20-dallas/i20-i635,http://dfwfreeways.com/aerial/i20-dallas/i20-i635,0.98,0.99,0.92,0.99,1,1,1,0.94,0.98,1,0.47,1,1,1,0.48,1,0.45,0.67,0.67,1,1,1,1,1,1,1,0.35,1,-1,-1,1,1,1,-1,-1,-1,1,-1,-1,0,1,1,-1,-1,-1,-1,-1,-1,-1,-1,-1
"
http://dfwfreeways.com/aerial/i20-dallas/i20-spur408,http://dfwfreeways.com/aerial/i20-dallas/i20-spur408,0.97,0.97,0.94,0.96,1,1,1,0.94,0.97,1,0.47,1,1,1,0.43,1,0.36,0.42,0.39,0.88,1,1,1,1,1,1,0.09,1,-1,-1,1,1,1,-1,-1,-1,1,-1,-1,0,1,1,-1,-1,-1,-1,-1,-1,-1,-1,-1
"
http://dfwfreeways.com/aerial/i20-dallas/i20-us175,http://dfwfreeways.com/aerial/i20-dallas/i20-us175,0.96,0.88,0.81,0.98,1,1,1,0.95,0.96,1,0.45,1,1,1,0.48,1,0.43,0.67,0.67,1,1,1,1,1,1,1,0.27,1,-1,-1,1,1,1,-1,-1,-1,1,-1,-1,0,1,1,-1,-1,-1,-1,-1,-1,-1,-1,-1
"
http://dfwfreeways.com/aerial/i20-dallas/i20-us67,http://dfwfreeways.com/aerial/i20-dallas/i20-us67,0.97,0.96,0.94,0.96,1,1,1,0.92,0.97,1,0.47,1,1,1,0.43,1,0.36,0.39,0.37,0.88,1,1,1,1,1,1,0.08,1,-1,-1,1,1,1,-1,-1,-1,1,-1,-1,0,1,1,-1,-1,-1,-1,-1,-1,-1,-1,-1
"
http://dfwfreeways.com/aerial/i20-west/all,http://dfwfreeways.com/aerial/i20-west/all,0.97,0.96,0.79,0.96,1,1,1,0.89,0.97,1,0.47,1,1,1,0.43,1,0.36,0.23,0.17,0.88,1,1,1,1,1,1,0.02,0.99,-1,-1,1,1,1,-1,-1,-1,1,-1,-1,0,1,1,-1,-1,-1,-1,-1,-1,-1,-1,-1
"
http://dfwfreeways.com/aerial/i20-west/fort-worth,http://dfwfreeways.com/aerial/i20-west/fort-worth,0.97,0.87,0.67,0.98,1,1,1,0.94,0.97,1,0.46,1,1,1,0.46,1,0.41,0.69,0.69,1,1,1,1,1,1,1,0.29,1,-1,-1,1,1,1,-1,-1,-1,1,-1,-1,0,1,1,-1,-1,-1,-1,-1,-1,-1,-1,-1
"
http://dfwfreeways.com/aerial/i20-west/i35w,http://dfwfreeways.com/aerial/i20-west/i35w,0.97,0.97,0.99,0.96,1,1,1,0.92,0.97,1,0.47,1,1,1,0.43,1,0.36,0.3,0.24,0.88,1,1,1,1,1,1,0.05,1,-1,-1,1,1,1,-1,-1,-1,1,-1,-1,0,1,1,-1,-1,-1,-1,-1,-1,-1,-1,-1
"
http://dfwfreeways.com/aerial/i20-west/i820,http://dfwfreeways.com/aerial/i20-west/i820,0.83,0.9,0.68,0.89,1,1,0.97,0.93,0.83,1,0.36,1,1,1,0.58,1,0.46,0.48,0.46,0.43,1,1,1,1,1,1,0.1,1,-1,-1,1,1,1,-1,-1,-1,1,-1,-1,0,1,1,-1,-1,-1,-1,-1,-1,-1,-1,-1
"
http://dfwfreeways.com/aerial/i30-dallas/all,http://dfwfreeways.com/aerial/i30-dallas/all,0.97,0.96,0.83,0.96,1,1,1,0.9,0.97,1,0.47,1,1,1,0.43,1,0.36,0.13,0.06,0.88,1,1,1,1,1,1,0.02,0.99,-1,-1,1,1,1,-1,-1,-1,1,-1,-1,0,1,1,-1,-1,-1,-1,-1,-1,-1,-1,-1
"
http://dfwfreeways.com/aerial/i30-dallas/downtown,http://dfwfreeways.com/aerial/i30-dallas/downtown,0.97,0.96,0.99,0.96,1,1,1,0.95,0.97,1,0.47,1,1,1,0.43,1,0.36,0.43,0.41,0.88,1,1,1,1,1,1,0.09,1,-1,-1,1,1,1,-1,-1,-1,1,-1,-1,0,1,1,-1,-1,-1,-1,-1,-1,-1,-1,-1
"
http://dfwfreeways.com/aerial/i30-dallas/east-dallas,http://dfwfreeways.com/aerial/i30-dallas/east-dallas,0.92,0.93,0.78,0.97,1,1,0.99,0.95,0.92,1,0.42,1,1,1,0.49,1,0.43,0.62,0.62,1,1,1,1,1,1,1,0.24,1,-1,-1,1,1,1,-1,-1,-1,1,-1,-1,0,1,1,-1,-1,-1,-1,-1,-1,-1,-1,-1
"
http://dfwfreeways.com/aerial/i30-dallas/garland,http://dfwfreeways.com/aerial/i30-dallas/garland,0.98,0.99,0.91,0.99,1,1,1,0.95,0.98,1,0.47,1,1,1,0.5,1,0.46,0.75,0.75,1,1,1,1,1,1,1,0.34,1,-1,-1,1,1,1,-1,-1,-1,1,-1,-1,0,1,1,-1,-1,-1,-1,-1,-1,-1,-1,-1
"
http://dfwfreeways.com/aerial/i30-dallas/i635,http://dfwfreeways.com/aerial/i30-dallas/i635,0.98,0.98,0.8,0.98,1,1,1,0.95,0.98,1,0.47,1,1,1,0.45,1,0.38,0.5,0.5,1,1,1,1,1,1,1,0.21,1,-1,-1,1,1,1,-1,-1,-1,1,-1,-1,0,1,1,-1,-1,-1,-1,-1,-1,-1,-1,-1
"
http://dfwfreeways.com/aerial/i30-dallas/us80,http://dfwfreeways.com/aerial/i30-dallas/us80,0.98,0.98,0.83,0.98,1,1,1,0.95,0.98,1,0.47,1,1,1,0.46,1,0.39,0.58,0.5,1,1,1,1,1,1,1,0.18,1,-1,-1,1,1,1,-1,-1,-1,1,-1,-1,0,1,1,-1,-1,-1,-1,-1,-1,-1,-1,-1
"
http://dfwfreeways.com/aerial/i30-dallas/white-rock-lake,http://dfwfreeways.com/aerial/i30-dallas/white-rock-lake,0.98,0.99,0.98,0.99,1,1,1,0.95,0.98,1,0.47,1,1,1,0.5,1,0.45,0.58,0.58,1,1,1,1,1,1,1,0.3,1,-1,-1,1,1,1,-1,-1,-1,1,-1,-1,0,1,1,-1,-1,-1,-1,-1,-1,-1,-1,-1
"
http://dfwfreeways.com/aerial/i30-fort-worth/all,http://dfwfreeways.com/aerial/i30-fort-worth/all,0.94,0.94,0.87,0.94,1,1,0.99,0.83,0.94,1,0.47,1,1,1,0.43,1,0.36,0,0,0.67,1,1,1,1,1,0.76,0,0.76,-1,-1,1,1,1,-1,-1,-1,1,-1,-1,0,1,1,-1,-1,-1,-1,-1,-1,-1,-1,-1
"
http://dfwfreeways.com/aerial/i30-fort-worth/arlington,http://dfwfreeways.com/aerial/i30-fort-worth/arlington,0.97,0.98,0.99,0.97,1,1,1,0.93,0.97,1,0.47,1,1,1,0.46,1,0.39,0.61,0.49,0.88,1,1,1,1,1,1,0.14,1,-1,-1,1,1,1,-1,-1,-1,1,-1,-1,0,1,1,-1,-1,-1,-1,-1,-1,-1,-1,-1
"
http://dfwfreeways.com/aerial/i30-fort-worth/downtown,http://dfwfreeways.com/aerial/i30-fort-worth/downtown,0.97,0.96,0.99,0.96,1,1,1,0.93,0.97,1,0.47,1,1,1,0.43,1,0.36,0.43,0.4,0.88,1,1,1,1,1,1,0.09,1,-1,-1,1,1,1,-1,-1,-1,1,-1,-1,0,1,1,-1,-1,-1,-1,-1,-1,-1,-1,-1
"
http://dfwfreeways.com/aerial/i30-fort-worth/i35w,http://dfwfreeways.com/aerial/i30-fort-worth/i35w,0.97,0.97,0.99,0.96,1,1,1,0.93,0.97,1,0.47,1,1,1,0.43,1,0.36,0.18,0.1,0.88,1,1,1,1,1,1,0.03,1,-1,-1,1,1,1,-1,-1,-1,1,-1,-1,0,1,1,-1,-1,-1,-1,-1,-1,-1,-1,-1
"
http://dfwfreeways.com/aerial/i30-fort-worth/i820,http://dfwfreeways.com/aerial/i30-fort-worth/i820,0.97,0.97,0.99,0.96,1,1,1,0.91,0.97,1,0.47,1,1,1,0.43,1,0.36,0.24,0.16,0.88,1,1,1,1,1,1,0.04,1,-1,-1,1,1,1,-1,-1,-1,1,-1,-1,0,1,1,-1,-1,-1,-1,-1,-1,-1,-1,-1
"
http://dfwfreeways.com/aerial/i30-landry/all,http://dfwfreeways.com/aerial/i30-landry/all,0.88,0.67,0.91,0.9,1,1,0.98,0.8,0.88,1,0.44,1,1,1,0.39,1,0.31,0,0,0.61,1,1,1,1,1,0.64,0,0.67,-1,-1,1,0.99,1,-1,-1,-1,1,-1,-1,0,1,1,-1,-1,-1,-1,-1,-1,-1,-1,-1
"
http://dfwfreeways.com/aerial/i30-landry/bush,http://dfwfreeways.com/aerial/i30-landry/bush,0.98,0.98,0.81,0.98,1,1,1,0.94,0.98,1,0.47,1,1,1,0.48,1,0.41,0.5,0.48,1,1,1,1,1,1,1,0.2,1,-1,-1,1,1,1,-1,-1,-1,1,-1,-1,0,1,1,-1,-1,-1,-1,-1,-1,-1,-1,-1
"
http://dfwfreeways.com/aerial/i30-landry/i35w,http://dfwfreeways.com/aerial/i30-landry/i35w,0.97,0.96,0.91,0.96,1,1,1,0.9,0.97,1,0.47,1,1,1,0.43,1,0.36,0.27,0.19,0.88,1,1,1,1,1,1,0.03,1,-1,-1,1,1,1,-1,-1,-1,1,-1,-1,0,1,1,-1,-1,-1,-1,-1,-1,-1,-1,-1
"
http://dfwfreeways.com/aerial/i30-landry/i820-east,http://dfwfreeways.com/aerial/i30-landry/i820-east,0.97,0.96,0.86,0.96,1,1,1,0.93,0.97,1,0.47,1,1,1,0.43,1,0.36,0.41,0.36,0.88,1,1,1,1,1,1,0.08,1,-1,-1,1,1,1,-1,-1,-1,1,-1,-1,0,1,1,-1,-1,-1,-1,-1,-1,-1,-1,-1
"
http://dfwfreeways.com/aerial/i30-landry/lone-star,http://dfwfreeways.com/aerial/i30-landry/lone-star,0.99,1,0.91,0.99,1,1,1,0.96,0.99,1,0.47,1,1,1,0.5,1,0.46,0.67,0.67,1,1,1,1,1,1,1,0.37,1,-1,-1,1,1,1,-1,-1,-1,1,-1,-1,0,1,1,-1,-1,-1,-1,-1,-1,-1,-1,-1
"
http://dfwfreeways.com/aerial/i30-landry/loop12,http://dfwfreeways.com/aerial/i30-landry/loop12,0.98,0.99,0.86,0.99,1,1,1,0.94,0.98,1,0.47,1,1,1,0.48,1,0.43,0.58,0.58,1,1,1,1,1,1,1,0.28,1,-1,-1,1,1,1,-1,-1,-1,1,-1,-1,0,1,1,-1,-1,-1,-1,-1,-1,-1,-1,-1
"
http://dfwfreeways.com/aerial/i30-landry/sh360,http://dfwfreeways.com/aerial/i30-landry/sh360,0.97,0.97,0.99,0.96,1,1,1,0.93,0.97,1,0.47,1,1,1,0.43,1,0.36,0.45,0.44,0.88,1,1,1,1,1,1,0.1,1,-1,-1,1,1,1,-1,-1,-1,1,-1,-1,0,1,1,-1,-1,-1,-1,-1,-1,-1,-1,-1
"
http://dfwfreeways.com/aerial/i30-landry/stadiums,http://dfwfreeways.com/aerial/i30-landry/stadiums,0.97,0.97,0.86,0.96,1,1,1,0.95,0.97,1,0.47,1,1,1,0.45,1,0.38,0.47,0.45,0.88,1,1,1,1,1,1,0.12,1,-1,-1,1,1,1,-1,-1,-1,1,-1,-1,0,1,1,-1,-1,-1,-1,-1,-1,-1,-1,-1
"
http://dfwfreeways.com/aerial/i30-landry/trinity,http://dfwfreeways.com/aerial/i30-landry/trinity,0.98,0.99,0.99,0.99,1,1,1,0.91,0.98,1,0.47,1,1,1,0.58,1,0.46,0.75,0.67,1,1,1,1,1,1,1,0.31,1,-1,-1,1,1,1,-1,-1,-1,1,-1,-1,0,1,1,-1,-1,-1,-1,-1,-1,-1,-1,-1
"
http://dfwfreeways.com/aerial/i35e-north/all,http://dfwfreeways.com/aerial/i35e-north/all,0.93,0.95,0.78,0.94,1,1,0.99,0.79,0.93,1,0.46,1,1,1,0.43,1,0.36,0,0,0.67,1,1,1,1,1,0.75,0,0.77,-1,-1,1,1,1,-1,-1,-1,1,-1,-1,0,1,1,-1,-1,-1,-1,-1,-1,-1,-1,-1
"
http://dfwfreeways.com/aerial/i35e-north/american-airlines-center,http://dfwfreeways.com/aerial/i35e-north/american-airlines-center,0.98,0.78,0.75,0.97,1,1,1,0.93,0.98,1,0.47,1,1,1,0.46,1,0.39,0.66,0.57,1,1,1,1,1,1,1,0.19,1,-1,-1,1,1,1,-1,-1,-1,1,-1,-1,0,1,1,-1,-1,-1,-1,-1,-1,-1,-1,-1
"
http://dfwfreeways.com/aerial/i35e-north/i35e-bush,http://dfwfreeways.com/aerial/i35e-north/i35e-bush,0.96,0.95,0.77,0.95,1,1,1,0.91,0.96,1,0.46,1,1,1,0.43,1,0.36,0.31,0.25,0.88,1,1,1,1,1,1,0.04,1,-1,-1,1,1,1,-1,-1,-1,1,-1,-1,0,1,1,-1,-1,-1,-1,-1,-1,-1,-1,-1
"
http://dfwfreeways.com/aerial/i35e-north/i35e-i635,http://dfwfreeways.com/aerial/i35e-north/i35e-i635,0.97,0.97,0.99,0.96,1,1,1,0.93,0.97,1,0.47,1,1,1,0.43,1,0.36,0.45,0.43,0.88,1,1,1,1,1,1,0.11,1,-1,-1,1,1,1,-1,-1,-1,1,-1,-1,0,1,1,-1,-1,-1,-1,-1,-1,-1,-1,-1
"
http://dfwfreeways.com/aerial/i35e-north/i35e-sh121,http://dfwfreeways.com/aerial/i35e-north/i35e-sh121,0.97,0.96,0.98,0.96,1,1,1,0.92,0.97,1,0.47,1,1,1,0.43,1,0.36,0.42,0.38,0.88,1,1,1,1,1,1,0.05,1,-1,-1,1,1,1,-1,-1,-1,1,-1,-1,0,1,1,-1,-1,-1,-1,-1,-1,-1,-1,-1
"
http://dfwfreeways.com/aerial/i35e-north/market-center,http://dfwfreeways.com/aerial/i35e-north/market-center,0.97,0.97,0.96,0.96,1,1,1,0.94,0.97,1,0.47,1,1,1,0.43,1,0.36,0.45,0.42,0.88,1,1,1,1,1,1,0.1,1,-1,-1,1,1,1,-1,-1,-1,1,-1,-1,0,1,1,-1,-1,-1,-1,-1,-1,-1,-1,-1
"
http://dfwfreeways.com/aerial/i35e-south/all,http://dfwfreeways.com/aerial/i35e-south/all,0.97,0.96,0.84,0.96,1,1,1,0.92,0.97,1,0.47,1,1,1,0.43,1,0.36,0.45,0.43,0.88,1,1,1,1,1,1,0.11,1,-1,-1,1,1,1,-1,-1,-1,1,-1,-1,0,1,1,-1,-1,-1,-1,-1,-1,-1,-1,-1
"
http://dfwfreeways.com/aerial/i35e-south/downtown,http://dfwfreeways.com/aerial/i35e-south/downtown,0.97,0.92,0.98,0.97,1,1,1,0.93,0.97,1,0.46,1,1,1,0.46,1,0.41,0.73,0.73,1,1,1,1,1,1,1,0.3,1,-1,-1,1,1,1,-1,-1,-1,1,-1,-1,0,1,1,-1,-1,-1,-1,-1,-1,-1,-1,-1
"
http://dfwfreeways.com/aerial/i35e-south/i20,http://dfwfreeways.com/aerial/i35e-south/i20,0.98,0.98,0.89,0.97,1,1,1,0.84,0.98,1,0.47,1,1,1,0.46,1,0.39,0.49,0.48,1,1,1,1,1,1,1,0.16,1,-1,-1,1,1,1,-1,-1,-1,1,-1,-1,0,1,1,-1,-1,-1,-1,-1,-1,-1,-1,-1
"
http://dfwfreeways.com/aerial/i35w/all,http://dfwfreeways.com/aerial/i35w/all,0.91,0.78,0.75,0.93,1,1,0.99,0.54,0.91,1,0.45,1,1,1,0.43,1,0.36,0,0,0.66,1,1,1,1,1,0.69,0,0.65,-1,-1,1,1,1,-1,-1,-1,1,-1,-1,0,1,1,-1,-1,-1,-1,-1,-1,-1,-1,-1
"
http://dfwfreeways.com/aerial/i35w/alliance,http://dfwfreeways.com/aerial/i35w/alliance,0.97,0.98,0.99,0.97,1,1,1,0.93,0.97,1,0.47,1,1,1,0.48,1,0.41,0.58,0.5,0.88,1,1,1,1,1,1,0.18,1,-1,-1,1,1,1,-1,-1,-1,1,-1,-1,0,1,1,-1,-1,-1,-1,-1,-1,-1,-1,-1
"
http://dfwfreeways.com/aerial/i35w/i20,http://dfwfreeways.com/aerial/i35w/i20,0.97,0.97,0.99,0.96,1,1,1,0.9,0.97,1,0.47,1,1,1,0.43,1,0.36,0.35,0.29,0.88,1,1,1,1,1,1,0.05,1,-1,-1,1,1,1,-1,-1,-1,1,-1,-1,0,1,1,-1,-1,-1,-1,-1,-1,-1,-1,-1
"
http://dfwfreeways.com/aerial/i35w/i30,http://dfwfreeways.com/aerial/i35w/i30,0.97,0.97,0.99,0.96,1,1,1,0.9,0.97,1,0.47,1,1,1,0.43,1,0.36,0.18,0.1,0.88,1,1,1,1,1,1,0.03,1,-1,-1,1,1,1,-1,-1,-1,1,-1,-1,0,1,1,-1,-1,-1,-1,-1,-1,-1,-1,-1
"
http://dfwfreeways.com/aerial/i35w/i820,http://dfwfreeways.com/aerial/i35w/i820,0.97,0.98,0.99,0.98,1,1,1,0.48,0.97,1,0.45,1,1,1,0.5,1,0.43,0.58,0.5,1,1,1,1,1,1,1,0.21,1,-1,-1,1,1,1,-1,-1,-1,1,-1,-1,0,1,1,-1,-1,-1,-1,-1,-1,-1,-1,-1
"
http://dfwfreeways.com/aerial/i35w/texas-motor-speedway,http://dfwfreeways.com/aerial/i35w/texas-motor-speedway,0.97,0.96,0.99,0.96,1,1,1,0.91,0.97,1,0.47,1,1,1,0.43,1,0.36,0.36,0.28,0.88,1,1,1,1,1,1,0.06,1,-1,-1,1,1,1,-1,-1,-1,1,-1,-1,0,1,1,-1,-1,-1,-1,-1,-1,-1,-1,-1
"
http://dfwfreeways.com/aerial/i45/all,http://dfwfreeways.com/aerial/i45/all,0.97,0.96,0.93,0.96,1,1,1,0.82,0.97,1,0.46,1,1,1,0.43,1,0.36,0.2,0.12,0.88,1,1,1,1,1,1,0.03,1,-1,-1,1,1,1,-1,-1,-1,1,-1,-1,0,1,1,-1,-1,-1,-1,-1,-1,-1,-1,-1
"
http://dfwfreeways.com/aerial/i45/dallas,http://dfwfreeways.com/aerial/i45/dallas,0.97,0.96,0.83,0.96,1,1,1,0.95,0.97,1,0.47,1,1,1,0.43,1,0.36,0.44,0.41,0.88,1,1,1,1,1,1,0.1,1,-1,-1,1,1,1,-1,-1,-1,1,-1,-1,0,1,1,-1,-1,-1,-1,-1,-1,-1,-1,-1
"
http://dfwfreeways.com/aerial/i45/i20,http://dfwfreeways.com/aerial/i45/i20,0.98,0.98,0.91,0.98,1,1,1,0.93,0.98,1,0.47,1,1,1,0.46,1,0.39,0.58,0.5,1,1,1,1,1,1,1,0.22,1,-1,-1,1,1,1,-1,-1,-1,1,-1,-1,0,1,1,-1,-1,-1,-1,-1,-1,-1,-1,-1
"
http://dfwfreeways.com/aerial/i45/i30,http://dfwfreeways.com/aerial/i45/i30,0.98,0.94,0.82,0.98,1,1,1,0.94,0.98,1,0.49,1,1,1,0.46,1,0.39,0.49,0.48,1,1,1,1,1,1,1,0.14,1,-1,-1,1,1,1,-1,-1,-1,1,-1,-1,0,1,1,-1,-1,-1,-1,-1,-1,-1,-1,-1
"
http://dfwfreeways.com/aerial/i635/all,http://dfwfreeways.com/aerial/i635/all,0.88,0.92,0.56,0.91,1,1,0.98,0.7,0.88,1,0.46,1,1,1,0.43,1,0.36,0,0,0.5,1,1,1,1,1,0.12,0,0.28,-1,-1,1,0.98,1,-1,-1,-1,1,-1,-1,0,1,1,-1,-1,-1,-1,-1,-1,-1,-1,-1
"
http://dfwfreeways.com/aerial/i635/bush,http://dfwfreeways.com/aerial/i635/bush,0.97,0.95,0.82,0.96,1,1,1,0.94,0.97,1,0.47,1,1,1,0.43,1,0.36,0.44,0.41,0.88,1,1,1,1,1,1,0.1,1,-1,-1,1,1,1,-1,-1,-1,1,-1,-1,0,1,1,-1,-1,-1,-1,-1,-1,-1,-1,-1
"
http://dfwfreeways.com/aerial/i635/dnt,http://dfwfreeways.com/aerial/i635/dnt,0.97,0.98,0.99,0.97,1,1,1,0.93,0.97,1,0.47,1,1,1,0.48,1,0.41,0.49,0.48,0.88,1,1,1,1,1,1,0.15,1,-1,-1,1,1,1,-1,-1,-1,1,-1,-1,0,1,1,-1,-1,-1,-1,-1,-1,-1,-1,-1
"
http://dfwfreeways.com/aerial/i635/farmers-branch,http://dfwfreeways.com/aerial/i635/farmers-branch,0.98,0.98,0.99,0.99,1,1,1,0.94,0.98,1,0.47,1,1,1,0.58,1,0.48,0.88,0.88,1,1,1,1,1,1,1,0.42,1,-1,-1,1,1,1,-1,-1,-1,1,-1,-1,0,1,1,-1,-1,-1,-1,-1,-1,-1,-1,-1
"
http://dfwfreeways.com/aerial/i635/garland,http://dfwfreeways.com/aerial/i635/garland,0.98,1,0.98,1,1,1,1,0.95,0.98,1,0.47,1,1,1,0.75,1,0.67,1,1,1,1,1,1,1,1,1,0.51,1,-1,-1,1,1,1,-1,-1,-1,1,-1,-1,0,1,1,-1,-1,-1,-1,-1,-1,-1,-1,-1
"
http://dfwfreeways.com/aerial/i635/i20,http://dfwfreeways.com/aerial/i635/i20,0.98,0.99,0.92,0.99,1,1,1,0.93,0.98,1,0.47,1,1,1,0.48,1,0.45,0.67,0.67,1,1,1,1,1,1,1,0.34,1,-1,-1,1,1,1,-1,-1,-1,1,-1,-1,0,1,1,-1,-1,-1,-1,-1,-1,-1,-1,-1
"
http://dfwfreeways.com/aerial/i635/i30,http://dfwfreeways.com/aerial/i635/i30,0.98,0.98,0.91,0.98,1,1,1,0.94,0.98,1,0.47,1,1,1,0.48,1,0.41,0.58,0.58,1,1,1,1,1,1,1,0.21,1,-1,-1,1,1,1,-1,-1,-1,1,-1,-1,0,1,1,-1,-1,-1,-1,-1,-1,-1,-1,-1
"
http://dfwfreeways.com/aerial/i635/i35e,http://dfwfreeways.com/aerial/i635/i35e,0.97,0.97,0.99,0.96,1,1,1,0.93,0.97,1,0.47,1,1,1,0.43,1,0.36,0.45,0.43,0.88,1,1,1,1,1,1,0.11,1,-1,-1,1,1,1,-1,-1,-1,1,-1,-1,0,1,1,-1,-1,-1,-1,-1,-1,-1,-1,-1
"
http://dfwfreeways.com/aerial/i635/preston,http://dfwfreeways.com/aerial/i635/preston,0.97,0.98,0.99,0.97,1,1,1,0.92,0.97,1,0.47,1,1,1,0.48,1,0.41,0.57,0.5,0.88,1,1,1,1,1,1,0.17,1,-1,-1,1,1,1,-1,-1,-1,1,-1,-1,0,1,1,-1,-1,-1,-1,-1,-1,-1,-1,-1
"
http://dfwfreeways.com/aerial/i635/us75,http://dfwfreeways.com/aerial/i635/us75,0.94,0.94,0.96,0.94,1,1,0.99,0.83,0.94,1,0.47,1,1,1,0.43,1,0.36,0,0,0.67,1,1,1,1,1,0.69,0,0.79,-1,-1,1,1,1,-1,-1,-1,1,-1,-1,0,1,1,-1,-1,-1,-1,-1,-1,-1,-1,-1
"
http://dfwfreeways.com/aerial/i635/us80,http://dfwfreeways.com/aerial/i635/us80,0.98,0.98,0.81,0.98,1,1,1,0.95,0.98,1,0.47,1,1,1,0.46,1,0.39,0.58,0.5,1,1,1,1,1,1,1,0.18,1,-1,-1,1,1,1,-1,-1,-1,1,-1,-1,0,1,1,-1,-1,-1,-1,-1,-1,-1,-1,-1
"
http://dfwfreeways.com/aerial/i820/all,http://dfwfreeways.com/aerial/i820/all,0.96,0.95,0.87,0.95,1,1,0.99,0.85,0.96,1,0.47,1,1,1,0.43,1,0.36,0.07,0,0.75,1,1,1,1,1,0.99,0.01,0.96,-1,-1,1,1,1,-1,-1,-1,1,-1,-1,0,1,1,-1,-1,-1,-1,-1,-1,-1,-1,-1
"
http://dfwfreeways.com/aerial/i820/i30-east,http://dfwfreeways.com/aerial/i820/i30-east,0.97,0.96,0.93,0.96,1,1,1,0.91,0.97,1,0.47,1,1,1,0.43,1,0.36,0.41,0.36,0.88,1,1,1,1,1,1,0.08,1,-1,-1,1,1,1,-1,-1,-1,1,-1,-1,0,1,1,-1,-1,-1,-1,-1,-1,-1,-1,-1
"
http://dfwfreeways.com/aerial/i820/i30-west,http://dfwfreeways.com/aerial/i820/i30-west,0.97,0.97,0.94,0.96,1,1,1,0.9,0.97,1,0.47,1,1,1,0.43,1,0.36,0.24,0.16,0.88,1,1,1,1,1,1,0.04,1,-1,-1,1,1,1,-1,-1,-1,1,-1,-1,0,1,1,-1,-1,-1,-1,-1,-1,-1,-1,-1
"
http://dfwfreeways.com/aerial/i820/i35w,http://dfwfreeways.com/aerial/i820/i35w,0.98,0.99,0.99,0.97,1,1,1,0.92,0.98,1,0.47,1,1,1,0.46,1,0.39,0.53,0.53,1,1,1,1,1,1,1,0.21,1,-1,-1,1,1,1,-1,-1,-1,1,-1,-1,0,1,1,-1,-1,-1,-1,-1,-1,-1,-1,-1
"
http://dfwfreeways.com/aerial/loop12/all,http://dfwfreeways.com/aerial/loop12/all,0.97,0.97,0.76,0.96,1,1,1,0.92,0.97,1,0.47,1,1,1,0.43,1,0.36,0.37,0.33,0.88,1,1,1,1,1,1,0.05,1,-1,-1,1,1,1,-1,-1,-1,1,-1,-1,0,1,1,-1,-1,-1,-1,-1,-1,-1,-1,-1
"
http://dfwfreeways.com/aerial/loop12/davis,http://dfwfreeways.com/aerial/loop12/davis,0.98,0.99,0.94,0.99,1,1,1,0.94,0.98,1,0.47,1,1,1,0.5,1,0.46,0.88,0.75,1,1,1,1,1,1,1,0.33,1,-1,-1,1,1,1,-1,-1,-1,1,-1,-1,0,1,1,-1,-1,-1,-1,-1,-1,-1,-1,-1
"
http://dfwfreeways.com/aerial/loop12/diamond,http://dfwfreeways.com/aerial/loop12/diamond,0.97,0.98,0.99,0.96,1,1,1,0.93,0.97,1,0.47,1,1,1,0.45,1,0.38,0.47,0.45,0.88,1,1,1,1,1,1,0.12,1,-1,-1,1,1,1,-1,-1,-1,1,-1,-1,0,1,1,-1,-1,-1,-1,-1,-1,-1,-1,-1
"
http://dfwfreeways.com/aerial/loop12/i30,http://dfwfreeways.com/aerial/loop12/i30,0.98,0.99,0.95,0.99,1,1,1,0.94,0.98,1,0.47,1,1,1,0.5,1,0.45,0.67,0.67,1,1,1,1,1,1,1,0.29,1,-1,-1,1,1,1,-1,-1,-1,1,-1,-1,0,1,1,-1,-1,-1,-1,-1,-1,-1,-1,-1
"
http://dfwfreeways.com/aerial/loop12/trinity,http://dfwfreeways.com/aerial/loop12/trinity,0.98,0.99,0.93,0.99,1,1,1,0.93,0.98,1,0.47,1,1,1,0.58,1,0.48,0.88,0.88,1,1,1,1,1,1,1,0.41,1,-1,-1,1,1,1,-1,-1,-1,1,-1,-1,0,1,1,-1,-1,-1,-1,-1,-1,-1,-1,-1
"
http://dfwfreeways.com/aerial/sh114/all,http://dfwfreeways.com/aerial/sh114/all,0.96,0.93,0.75,0.95,1,1,1,0.88,0.96,1,0.47,1,1,1,0.43,1,0.36,0,0,0.75,1,1,1,1,1,0.99,0.01,0.97,-1,-1,1,1,1,-1,-1,-1,1,-1,-1,0,1,1,-1,-1,-1,-1,-1,-1,-1,-1,-1
"
http://dfwfreeways.com/aerial/sh114/bush,http://dfwfreeways.com/aerial/sh114/bush,0.97,0.97,0.96,0.96,1,1,1,0.94,0.97,1,0.47,1,1,1,0.45,1,0.38,0.44,0.43,0.88,1,1,1,1,1,1,0.12,1,-1,-1,1,1,1,-1,-1,-1,1,-1,-1,0,1,1,-1,-1,-1,-1,-1,-1,-1,-1,-1
"
http://dfwfreeways.com/aerial/sh114/diamond,http://dfwfreeways.com/aerial/sh114/diamond,0.97,0.98,0.99,0.96,1,1,1,0.92,0.97,1,0.47,1,1,1,0.45,1,0.38,0.47,0.45,0.88,1,1,1,1,1,1,0.12,1,-1,-1,1,1,1,-1,-1,-1,1,-1,-1,0,1,1,-1,-1,-1,-1,-1,-1,-1,-1,-1
"
http://dfwfreeways.com/aerial/sh114/las-colinas,http://dfwfreeways.com/aerial/sh114/las-colinas,0.97,0.96,0.79,0.96,1,1,1,0.92,0.97,1,0.47,1,1,1,0.43,1,0.36,0.47,0.45,0.88,1,1,1,1,1,1,0.12,1,-1,-1,1,1,1,-1,-1,-1,1,-1,-1,0,1,1,-1,-1,-1,-1,-1,-1,-1,-1,-1
"
http://dfwfreeways.com/aerial/sh114/sh170,http://dfwfreeways.com/aerial/sh114/sh170,0.98,0.95,0.91,0.99,1,1,1,0.93,0.98,1,0.47,1,1,1,0.58,1,0.46,0.67,0.58,1,1,1,1,1,1,1,0.33,1,-1,-1,1,1,1,-1,-1,-1,1,-1,-1,0,1,1,-1,-1,-1,-1,-1,-1,-1,-1,-1
"
http://dfwfreeways.com/aerial/sh114/texas-motor-speedway,http://dfwfreeways.com/aerial/sh114/texas-motor-speedway,0.97,0.96,0.99,0.96,1,1,1,0.91,0.97,1,0.47,1,1,1,0.43,1,0.36,0.33,0.29,0.88,1,1,1,1,1,1,0.06,1,-1,-1,1,1,1,-1,-1,-1,1,-1,-1,0,1,1,-1,-1,-1,-1,-1,-1,-1,-1,-1
"
http://dfwfreeways.com/aerial/sh114/westlake,http://dfwfreeways.com/aerial/sh114/westlake,0.98,0.99,0.99,0.98,1,1,1,0.94,0.98,1,0.47,1,1,1,0.5,1,0.43,0.62,0.53,1,1,1,1,1,1,1,0.19,1,-1,-1,1,1,1,-1,-1,-1,1,-1,-1,0,1,1,-1,-1,-1,-1,-1,-1,-1,-1,-1
"
http://dfwfreeways.com/aerial/sh121/all,http://dfwfreeways.com/aerial/sh121/all,0.96,0.95,0.94,0.95,1,1,1,0.89,0.96,1,0.47,1,1,1,0.43,1,0.36,0.14,0.06,0.75,1,1,1,1,1,0.99,0.01,0.99,-1,-1,1,1,1,-1,-1,-1,1,-1,-1,0,1,1,-1,-1,-1,-1,-1,-1,-1,-1,-1
"
http://dfwfreeways.com/aerial/sh121/colony,http://dfwfreeways.com/aerial/sh121/colony,0.98,0.99,0.99,0.99,1,1,1,0.94,0.98,1,0.47,1,1,1,0.48,1,0.43,0.67,0.58,1,1,1,1,1,1,1,0.27,1,-1,-1,1,1,1,-1,-1,-1,1,-1,-1,0,1,1,-1,-1,-1,-1,-1,-1,-1,-1,-1
"
http://dfwfreeways.com/aerial/sh121/dnt,http://dfwfreeways.com/aerial/sh121/dnt,0.97,0.96,0.91,0.96,1,1,1,0.92,0.97,1,0.47,1,1,1,0.43,1,0.36,0.39,0.38,0.88,1,1,1,1,1,1,0.08,1,-1,-1,1,1,1,-1,-1,-1,1,-1,-1,0,1,1,-1,-1,-1,-1,-1,-1,-1,-1,-1
"
http://dfwfreeways.com/aerial/sh121/i35e,http://dfwfreeways.com/aerial/sh121/i35e,0.97,0.96,0.96,0.96,1,1,1,0.9,0.97,1,0.47,1,1,1,0.43,1,0.36,0.41,0.37,0.88,1,1,1,1,1,1,0.05,1,-1,-1,1,1,1,-1,-1,-1,1,-1,-1,0,1,1,-1,-1,-1,-1,-1,-1,-1,-1,-1
"
http://dfwfreeways.com/aerial/sh170/frontage,http://dfwfreeways.com/aerial/sh170/frontage,0.98,0.99,0.99,0.98,1,1,1,0.94,0.98,1,0.47,1,1,1,0.58,1,0.45,0.67,0.58,1,1,1,1,1,1,1,0.23,1,-1,-1,1,1,1,-1,-1,-1,1,-1,-1,0,1,1,-1,-1,-1,-1,-1,-1,-1,-1,-1
"
http://dfwfreeways.com/aerial/sh183/diamond,http://dfwfreeways.com/aerial/sh183/diamond,0.97,0.98,0.99,0.96,1,1,1,0.92,0.97,1,0.47,1,1,1,0.45,1,0.38,0.47,0.45,0.88,1,1,1,1,1,1,0.12,1,-1,-1,1,1,1,-1,-1,-1,1,-1,-1,0,1,1,-1,-1,-1,-1,-1,-1,-1,-1,-1
"
http://dfwfreeways.com/aerial/sh199/frontage,http://dfwfreeways.com/aerial/sh199/frontage,0.98,0.99,0.99,0.99,1,1,1,0.94,0.98,1,0.47,1,1,1,0.5,1,0.45,0.67,0.67,1,1,1,1,1,1,1,0.3,1,-1,-1,1,1,1,-1,-1,-1,1,-1,-1,0,1,1,-1,-1,-1,-1,-1,-1,-1,-1,-1
"
http://dfwfreeways.com/aerial/sh360/i30,http://dfwfreeways.com/aerial/sh360/i30,0.97,0.97,0.99,0.96,1,1,1,0.9,0.97,1,0.47,1,1,1,0.43,1,0.36,0.44,0.41,0.88,1,1,1,1,1,1,0.1,1,-1,-1,1,1,1,-1,-1,-1,1,-1,-1,0,1,1,-1,-1,-1,-1,-1,-1,-1,-1,-1
"
http://dfwfreeways.com/aerial/spur366/2012,http://dfwfreeways.com/aerial/spur366/2012,0.98,0.98,0.99,0.97,1,1,1,0.92,0.98,1,0.49,1,1,1,0.46,1,0.39,0.48,0.46,1,1,1,1,1,1,1,0.13,1,-1,-1,1,1,1,-1,-1,-1,1,-1,-1,0,1,1,-1,-1,-1,-1,-1,-1,-1,-1,-1
"
http://dfwfreeways.com/aerial/spur366/all,http://dfwfreeways.com/aerial/spur366/all,0.94,0.95,0.96,0.94,1,1,0.99,0.85,0.94,1,0.47,1,1,1,0.43,1,0.36,0,0,0.67,1,1,1,1,1,0.77,0,0.71,-1,-1,1,1,1,-1,-1,-1,1,-1,-1,0,1,1,-1,-1,-1,-1,-1,-1,-1,-1,-1
"
http://dfwfreeways.com/aerial/spur366/bridge-construction,http://dfwfreeways.com/aerial/spur366/bridge-construction,0.98,0.99,0.99,0.99,1,1,1,0.93,0.98,1,0.47,1,1,1,0.67,1,0.46,0.75,0.67,1,1,1,1,1,1,1,0.28,1,-1,-1,1,1,1,-1,-1,-1,1,-1,-1,0,1,1,-1,-1,-1,-1,-1,-1,-1,-1,-1
"
http://dfwfreeways.com/aerial/spur366/margaret-hunt-hill-bridge,http://dfwfreeways.com/aerial/spur366/margaret-hunt-hill-bridge,0.96,0.96,0.97,0.95,1,1,0.99,0.87,0.96,1,0.47,1,1,1,0.43,1,0.36,0,0,0.75,1,1,1,1,1,1,0.02,0.98,-1,-1,1,1,1,-1,-1,-1,1,-1,-1,0,1,1,-1,-1,-1,-1,-1,-1,-1,-1,-1
"
http://dfwfreeways.com/aerial/spur366/pre-klyde-warren,http://dfwfreeways.com/aerial/spur366/pre-klyde-warren,0.97,0.97,0.99,0.96,1,1,1,0.92,0.97,1,0.47,1,1,1,0.43,1,0.36,0.28,0.22,0.88,1,1,1,1,1,1,0.04,1,-1,-1,1,1,1,-1,-1,-1,1,-1,-1,0,1,1,-1,-1,-1,-1,-1,-1,-1,-1,-1
"
http://dfwfreeways.com/aerial/spur408/all,http://dfwfreeways.com/aerial/spur408/all,0.97,0.96,0.79,0.96,1,1,1,0.91,0.97,1,0.47,1,1,1,0.43,1,0.36,0.39,0.35,0.88,1,1,1,1,1,1,0.07,1,-1,-1,1,1,1,-1,-1,-1,1,-1,-1,0,1,1,-1,-1,-1,-1,-1,-1,-1,-1,-1
"
http://dfwfreeways.com/aerial/spur408/freeway,http://dfwfreeways.com/aerial/spur408/freeway,0.98,0.99,0.94,0.99,1,1,1,0.94,0.98,1,0.47,1,1,1,0.5,1,0.46,0.67,0.67,1,1,1,1,1,1,1,0.36,1,-1,-1,1,1,1,-1,-1,-1,1,-1,-1,0,1,1,-1,-1,-1,-1,-1,-1,-1,-1,-1
"
http://dfwfreeways.com/aerial/spur408/i20,http://dfwfreeways.com/aerial/spur408/i20,0.97,0.96,0.86,0.96,1,1,1,0.93,0.97,1,0.47,1,1,1,0.43,1,0.36,0.44,0.41,0.88,1,1,1,1,1,1,0.09,1,-1,-1,1,1,1,-1,-1,-1,1,-1,-1,0,1,1,-1,-1,-1,-1,-1,-1,-1,-1,-1
"
http://dfwfreeways.com/aerial/us175/all,http://dfwfreeways.com/aerial/us175/all,0.97,0.96,0.75,0.96,1,1,1,0.92,0.97,1,0.47,1,1,1,0.43,1,0.36,0.42,0.38,0.88,1,1,1,1,1,1,0.09,1,-1,-1,1,1,1,-1,-1,-1,1,-1,-1,0,1,1,-1,-1,-1,-1,-1,-1,-1,-1,-1
"
http://dfwfreeways.com/aerial/us175/dallas,http://dfwfreeways.com/aerial/us175/dallas,0.98,0.97,0.99,0.97,1,1,1,0.93,0.98,1,0.47,1,1,1,0.45,1,0.38,0.49,0.47,1,1,1,1,1,1,1,0.14,1,-1,-1,1,1,1,-1,-1,-1,1,-1,-1,0,1,1,-1,-1,-1,-1,-1,-1,-1,-1,-1
"
http://dfwfreeways.com/aerial/us175/i20,http://dfwfreeways.com/aerial/us175/i20,0.98,0.99,0.9,0.99,1,1,1,0.93,0.98,1,0.47,1,1,1,0.48,1,0.43,0.67,0.67,1,1,1,1,1,1,1,0.27,1,-1,-1,1,1,1,-1,-1,-1,1,-1,-1,0,1,1,-1,-1,-1,-1,-1,-1,-1,-1,-1
"
http://dfwfreeways.com/aerial/us287-south/freeway,http://dfwfreeways.com/aerial/us287-south/freeway,0.99,0.98,0.83,0.98,1,1,1,0.96,0.99,1,0.47,1,1,1,0.5,1,0.43,0.58,0.58,1,1,1,1,1,1,1,0.22,1,-1,-1,1,1,1,-1,-1,-1,1,-1,-1,0,1,1,-1,-1,-1,-1,-1,-1,-1,-1,-1
"
http://dfwfreeways.com/aerial/us67/i20,http://dfwfreeways.com/aerial/us67/i20,0.97,0.97,0.88,0.96,1,1,1,0.92,0.97,1,0.47,1,1,1,0.43,1,0.36,0.39,0.37,0.88,1,1,1,1,1,1,0.08,1,-1,-1,1,1,1,-1,-1,-1,1,-1,-1,0,1,1,-1,-1,-1,-1,-1,-1,-1,-1,-1
"
http://dfwfreeways.com/aerial/us75/all,http://dfwfreeways.com/aerial/us75/all,0.88,0.91,0.55,0.91,1,1,0.98,0.66,0.88,1,0.46,1,1,1,0.43,1,0.36,0,0,0.5,1,1,1,1,1,0.12,0,0.31,-1,-1,1,0.99,1,-1,-1,-1,1,-1,-1,0,1,1,-1,-1,-1,-1,-1,-1,-1,-1,-1
"
http://dfwfreeways.com/aerial/us75/bush,http://dfwfreeways.com/aerial/us75/bush,0.97,0.97,0.99,0.96,1,1,1,0.93,0.97,1,0.47,1,1,1,0.43,1,0.36,0.41,0.39,0.88,1,1,1,1,1,1,0.07,1,-1,-1,1,1,1,-1,-1,-1,1,-1,-1,0,1,1,-1,-1,-1,-1,-1,-1,-1,-1,-1
"
http://dfwfreeways.com/aerial/us75/dallas,http://dfwfreeways.com/aerial/us75/dallas,0.97,0.97,0.99,0.96,1,1,1,0.93,0.97,1,0.47,1,1,1,0.43,1,0.36,0.44,0.4,0.88,1,1,1,1,1,1,0.09,1,-1,-1,1,1,1,-1,-1,-1,1,-1,-1,0,1,1,-1,-1,-1,-1,-1,-1,-1,-1,-1
"
http://dfwfreeways.com/aerial/us75/i635,http://dfwfreeways.com/aerial/us75/i635,0.94,0.95,0.96,0.94,1,1,0.99,0.84,0.94,1,0.47,1,1,1,0.43,1,0.36,0,0,0.67,1,1,1,1,1,0.69,0,0.79,-1,-1,1,1,1,-1,-1,-1,1,-1,-1,0,1,1,-1,-1,-1,-1,-1,-1,-1,-1,-1
"
http://dfwfreeways.com/aerial/us75/loop12,http://dfwfreeways.com/aerial/us75/loop12,0.97,0.97,0.78,0.96,1,1,1,0.9,0.97,1,0.47,1,1,1,0.43,1,0.36,0.16,0.08,0.88,1,1,1,1,1,1,0.03,1,-1,-1,1,1,1,-1,-1,-1,1,-1,-1,0,1,1,-1,-1,-1,-1,-1,-1,-1,-1,-1
"
http://dfwfreeways.com/aerial/us80/all,http://dfwfreeways.com/aerial/us80/all,0.97,0.96,0.84,0.96,1,1,1,0.92,0.97,1,0.47,1,1,1,0.43,1,0.36,0.4,0.38,0.88,1,1,1,1,1,1,0.08,1,-1,-1,1,1,1,-1,-1,-1,1,-1,-1,0,1,1,-1,-1,-1,-1,-1,-1,-1,-1,-1
"
http://dfwfreeways.com/aerial/us80/i30,http://dfwfreeways.com/aerial/us80/i30,0.98,0.98,0.89,0.97,1,1,1,0.92,0.98,1,0.47,1,1,1,0.46,1,0.39,0.58,0.5,1,1,1,1,1,1,1,0.18,1,-1,-1,1,1,1,-1,-1,-1,1,-1,-1,0,1,1,-1,-1,-1,-1,-1,-1,-1,-1,-1
"
http://dfwfreeways.com/aerial/us80/i635,http://dfwfreeways.com/aerial/us80/i635,0.98,0.98,0.91,0.98,1,1,1,0.93,0.98,1,0.47,1,1,1,0.46,1,0.39,0.58,0.48,1,1,1,1,1,1,1,0.18,1,-1,-1,1,1,1,-1,-1,-1,1,-1,-1,0,1,1,-1,-1,-1,-1,-1,-1,-1,-1,-1
"
http://dfwfreeways.com/aerial,http://dfwfreeways.com/aerial,0.11,0.37,0.03,0.23,1,1,0.48,0.99,0.11,1,0.39,1,1,1,0.08,1,0,0,0,0,1,1,1,1,1,0,0,0,-1,-1,1,0.13,1,-1,-1,-1,1,-1,-1,0,1,1,-1,-1,-1,-1,-1,-1,-1,-1,-1
"
http://dfwfreeways.com/book/ChCentralModern?startOdd=True&pdfSize=9%2BMB&pdfFile=Dallas-Fort-Worth-Freeways-book-04-20140803.pdf,http://dfwfreeways.com/book/ChCentralModern?startOdd=True&pdfSize=9%2BMB&pdfFile=Dallas-Fort-Worth-Freeways-book-04-20140803.pdf,0.99,1,0.9,1,1,1,1,0.95,0.99,1,0.49,1,1,1,0.58,1,0.5,1,0.38,1,1,1,1,1,1,0.14,0,1,-1,-1,1,0.93,1,-1,-1,-1,-1,-1,-1,0,1,1,-1,-1,-1,-1,-1,-1,-1,-1,-1
"
http://dfwfreeways.com/book/ChCentralModern?startOdd=True&pdfSize=9+MB&pdfFile=Dallas-Fort-Worth-Freeways-book-04-20140803.pdf,http://dfwfreeways.com/book/ChCentralModern?startOdd=True&pdfSize=9+MB&pdfFile=Dallas-Fort-Worth-Freeways-book-04-20140803.pdf,0.99,1,0.91,1,1,1,1,0.92,0.99,1,0.48,1,1,1,0.58,1,0.5,1,0.38,1,1,1,1,1,1,0.14,0,1,-1,-1,1,0.98,1,-1,-1,-1,-1,-1,-1,0,1,1,-1,-1,-1,-1,-1,-1,-1,-1,-1
"
http://dfwfreeways.com/book/ChCentralOriginal?startOdd=False&pdfSize=11%2BMB&pdfFile=Dallas-Fort-Worth-Freeways-book-03-20140803.pdf,http://dfwfreeways.com/book/ChCentralOriginal?startOdd=False&pdfSize=11%2BMB&pdfFile=Dallas-Fort-Worth-Freeways-book-03-20140803.pdf,0.99,0.99,0.95,1,1,1,1,0.91,0.99,1,0.48,1,1,1,0.58,1,0.5,1,0.48,1,1,1,1,1,1,0.02,0,1,-1,-1,1,0.83,1,-1,-1,-1,-1,-1,-1,0,1,1,-1,-1,-1,-1,-1,-1,-1,-1,-1
"
http://dfwfreeways.com/book/ChCentralOriginal?startOdd=False&pdfSize=11+MB&pdfFile=Dallas-Fort-Worth-Freeways-book-03-20140803.pdf,http://dfwfreeways.com/book/ChCentralOriginal?startOdd=False&pdfSize=11+MB&pdfFile=Dallas-Fort-Worth-Freeways-book-03-20140803.pdf,0.99,1,0.95,1,1,1,1,0.94,0.99,1,0.49,1,1,1,0.58,1,0.5,1,0.5,1,1,1,1,1,1,0.02,0,1,-1,-1,1,0.93,1,-1,-1,-1,-1,-1,-1,0,1,1,-1,-1,-1,-1,-1,-1,-1,-1,-1
"
http://dfwfreeways.com/book/ChCoverContents?startOdd=False&pdfSize=1%2BMB&pdfFile=Dallas-Fort-Worth-Freeways-book-00_cover_contents_20140803.pdf,http://dfwfreeways.com/book/ChCoverContents?startOdd=False&pdfSize=1%2BMB&pdfFile=Dallas-Fort-Worth-Freeways-book-00_cover_contents_20140803.pdf,0.99,1,0.81,1,1,1,1,1,0.99,1,0.49,1,1,1,0.75,1,0.75,0.5,0.36,1,1,1,1,1,1,1,0.04,1,-1,-1,1,1,1,-1,-1,-1,-1,-1,-1,0,1,1,-1,-1,-1,-1,-1,-1,-1,-1,-1
"
http://dfwfreeways.com/book/ChDallasFreewayAdventures?startOdd=False&pdfSize=5%2BMB&pdfFile=Dallas-Fort-Worth-Freeways-book-07-20140803.pdf,http://dfwfreeways.com/book/ChDallasFreewayAdventures?startOdd=False&pdfSize=5%2BMB&pdfFile=Dallas-Fort-Worth-Freeways-book-07-20140803.pdf,0.99,1,0.93,1,1,1,1,0.94,0.99,1,0.49,1,1,1,0.58,1,0.5,1,0.34,1,1,1,1,1,1,0.82,0,1,-1,-1,1,0.99,1,-1,-1,-1,-1,-1,-1,0,1,1,-1,-1,-1,-1,-1,-1,-1,-1,-1
"
http://dfwfreeways.com/book/ChDallasFreewayAdventures?startOdd=False&pdfSize=5+MB&pdfFile=Dallas-Fort-Worth-Freeways-book-07-20140803.pdf,http://dfwfreeways.com/book/ChDallasFreewayAdventures?startOdd=False&pdfSize=5+MB&pdfFile=Dallas-Fort-Worth-Freeways-book-07-20140803.pdf,0.99,1,0.94,1,1,1,1,0.92,0.99,1,0.49,1,1,1,0.58,1,0.5,1,0.34,1,1,1,1,1,1,0.82,0,1,-1,-1,1,0.99,1,-1,-1,-1,-1,-1,-1,0,1,1,-1,-1,-1,-1,-1,-1,-1,-1,-1
"
http://dfwfreeways.com/book/ChDallasFreeways?startOdd=False&pdfSize=40%2BMB&pdfFile=Dallas-Fort-Worth-Freeways-book-06-20140803.pdf,http://dfwfreeways.com/book/ChDallasFreeways?startOdd=False&pdfSize=40%2BMB&pdfFile=Dallas-Fort-Worth-Freeways-book-06-20140803.pdf,0.98,1,0.91,0.99,1,1,1,0.92,0.98,1,0.49,1,1,1,0.58,1,0.5,1,0,0.88,1,1,1,1,1,0,0,1,-1,-1,0.99,0.11,1,-1,-1,-1,-1,-1,-1,0,1,1,-1,-1,-1,-1,-1,-1,-1,-1,-1
"
http://dfwfreeways.com/book/ChDallasFreeways?startOdd=False&pdfSize=40+MB&pdfFile=Dallas-Fort-Worth-Freeways-book-06-20140803.pdf,http://dfwfreeways.com/book/ChDallasFreeways?startOdd=False&pdfSize=40+MB&pdfFile=Dallas-Fort-Worth-Freeways-book-06-20140803.pdf,0.98,1,0.92,1,1,1,1,0.92,0.98,1,0.49,1,1,1,0.75,1,0.75,1,0,0.88,1,1,1,1,1,0,0,1,-1,-1,0.99,0.1,1,-1,-1,-1,-1,-1,-1,0,1,1,-1,-1,-1,-1,-1,-1,-1,-1,-1
"
http://dfwfreeways.com/book/ChEvents?startOdd=False&pdfSize=13%2BMB&pdfFile=Dallas-Fort-Worth-Freeways-book-01-20140803.pdf,http://dfwfreeways.com/book/ChEvents?startOdd=False&pdfSize=13%2BMB&pdfFile=Dallas-Fort-Worth-Freeways-book-01-20140803.pdf,0.99,0.95,0.91,1,1,1,1,0.94,0.99,1,0.49,1,1,1,0.58,1,0.5,1,0.38,1,1,1,1,1,1,0.05,0,1,-1,-1,1,0.85,1,-1,-1,-1,-1,-1,-1,0,1,1,-1,-1,-1,-1,-1,-1,-1,-1,-1
"
http://dfwfreeways.com/book/ChEvents?startOdd=False&pdfSize=13+MB&pdfFile=Dallas-Fort-Worth-Freeways-book-01-20140803.pdf,http://dfwfreeways.com/book/ChEvents?startOdd=False&pdfSize=13+MB&pdfFile=Dallas-Fort-Worth-Freeways-book-01-20140803.pdf,0.99,1,0.91,1,1,1,1,0.94,0.99,1,0.49,1,1,1,0.58,1,0.5,1,0.38,1,1,1,1,1,1,0.05,0,1,-1,-1,1,0.94,1,-1,-1,-1,-1,-1,-1,0,1,1,-1,-1,-1,-1,-1,-1,-1,-1,-1
"
http://dfwfreeways.com/book/ChFortWorthFreeways?startOdd=False&pdfSize=17%2BMB&pdfFile=Dallas-Fort-Worth-Freeways-book-11-20140803.pdf,http://dfwfreeways.com/book/ChFortWorthFreeways?startOdd=False&pdfSize=17%2BMB&pdfFile=Dallas-Fort-Worth-Freeways-book-11-20140803.pdf,0.99,1,0.93,1,1,1,1,0.93,0.99,1,0.49,1,1,1,0.58,1,0.5,1,0.2,1,1,1,1,1,1,0,0,1,-1,-1,1,0.55,1,-1,-1,-1,-1,-1,-1,0,1,1,-1,-1,-1,-1,-1,-1,-1,-1,-1
"
http://dfwfreeways.com/book/ChFortWorthFreeways?startOdd=False&pdfSize=17+MB&pdfFile=Dallas-Fort-Worth-Freeways-book-11-20140803.pdf,http://dfwfreeways.com/book/ChFortWorthFreeways?startOdd=False&pdfSize=17+MB&pdfFile=Dallas-Fort-Worth-Freeways-book-11-20140803.pdf,0.99,0.99,0.94,1,1,1,1,0.93,0.99,1,0.49,1,1,1,0.58,1,0.5,1,0.2,1,1,1,1,1,1,0,0,1,-1,-1,1,0.61,1,-1,-1,-1,-1,-1,-1,0,1,1,-1,-1,-1,-1,-1,-1,-1,-1,-1
"
http://dfwfreeways.com/book/ChIndexAuthor?startOdd=True&pdfSize=1%2BMB&pdfFile=Dallas-Fort-Worth-Freeways-book-12-author-index-20140803.pdf,http://dfwfreeways.com/book/ChIndexAuthor?startOdd=True&pdfSize=1%2BMB&pdfFile=Dallas-Fort-Worth-Freeways-book-12-author-index-20140803.pdf,0.99,1,0.97,1,1,1,1,1,0.99,1,0.48,1,1,1,0.75,1,0.75,0.67,0.31,1,1,1,1,1,1,0.99,0.01,1,-1,-1,1,1,1,-1,-1,-1,-1,-1,-1,0,1,1,-1,-1,-1,-1,-1,-1,-1,-1,-1
"
http://dfwfreeways.com/book/ChMidCitiesFreeways?startOdd=True&pdfSize=11%2BMB&pdfFile=Dallas-Fort-Worth-Freeways-book-10-20140803.pdf,http://dfwfreeways.com/book/ChMidCitiesFreeways?startOdd=True&pdfSize=11%2BMB&pdfFile=Dallas-Fort-Worth-Freeways-book-10-20140803.pdf,0.99,1,0.88,1,1,1,1,0.94,0.99,1,0.49,1,1,1,0.58,1,0.5,1,0.39,1,1,1,1,1,1,0.02,0,1,-1,-1,1,0.85,1,-1,-1,-1,-1,-1,-1,0,1,1,-1,-1,-1,-1,-1,-1,-1,-1,-1
"
http://dfwfreeways.com/book/ChMidCitiesFreeways?startOdd=True&pdfSize=11+MB&pdfFile=Dallas-Fort-Worth-Freeways-book-10-20140803.pdf,http://dfwfreeways.com/book/ChMidCitiesFreeways?startOdd=True&pdfSize=11+MB&pdfFile=Dallas-Fort-Worth-Freeways-book-10-20140803.pdf,0.99,1,0.88,1,1,1,1,0.95,0.99,1,0.49,1,1,1,0.58,1,0.5,1,0.39,1,1,1,1,1,1,0.02,0,1,-1,-1,1,0.83,1,-1,-1,-1,-1,-1,-1,0,1,1,-1,-1,-1,-1,-1,-1,-1,-1,-1
"
http://dfwfreeways.com/book/ChPlanning?startOdd=False&pdfSize=7%2BMB&pdfFile=Dallas-Fort-Worth-Freeways-book-02-20140803.pdf,http://dfwfreeways.com/book/ChPlanning?startOdd=False&pdfSize=7%2BMB&pdfFile=Dallas-Fort-Worth-Freeways-book-02-20140803.pdf,0.99,1,0.93,1,1,1,1,0.94,0.99,1,0.49,1,1,1,0.58,1,0.5,1,0.22,1,1,1,1,1,1,0.11,0,1,-1,-1,1,0.92,1,-1,-1,-1,-1,-1,-1,0,1,1,-1,-1,-1,-1,-1,-1,-1,-1,-1
"
http://dfwfreeways.com/book/ChStemmonsJFK?startOdd=True&pdfSize=6%2BMB&pdfFile=Dallas-Fort-Worth-Freeways-book-05-20140803.pdf,http://dfwfreeways.com/book/ChStemmonsJFK?startOdd=True&pdfSize=6%2BMB&pdfFile=Dallas-Fort-Worth-Freeways-book-05-20140803.pdf,0.99,0.99,0.97,1,1,1,1,0.93,0.99,1,0.48,1,1,1,0.58,1,0.5,1,0.28,1,1,1,1,1,1,0.28,0,1,-1,-1,1,0.95,1,-1,-1,-1,-1,-1,-1,0,1,1,-1,-1,-1,-1,-1,-1,-1,-1,-1
"
http://dfwfreeways.com/book/ChStemmonsJFK?startOdd=True&pdfSize=6+MB&pdfFile=Dallas-Fort-Worth-Freeways-book-05-20140803.pdf,http://dfwfreeways.com/book/ChStemmonsJFK?startOdd=True&pdfSize=6+MB&pdfFile=Dallas-Fort-Worth-Freeways-book-05-20140803.pdf,0.99,0.99,0.97,1,1,1,1,0.94,0.99,1,0.49,1,1,1,0.58,1,0.5,1,0.29,1,1,1,1,1,1,0.28,0,1,-1,-1,1,0.98,1,-1,-1,-1,-1,-1,-1,0,1,1,-1,-1,-1,-1,-1,-1,-1,-1,-1
"
http://dfwfreeways.com/book/ChTexasStadium?startOdd=False&pdfSize=6%2BMB&pdfFile=Dallas-Fort-Worth-Freeways-book-08-20140803.pdf,http://dfwfreeways.com/book/ChTexasStadium?startOdd=False&pdfSize=6%2BMB&pdfFile=Dallas-Fort-Worth-Freeways-book-08-20140803.pdf,0.99,1,0.93,1,1,1,1,0.95,0.99,1,0.49,1,1,1,0.58,1,0.5,1,0.5,1,1,1,1,1,1,0.6,0,1,-1,-1,1,0.98,1,-1,-1,-1,-1,-1,-1,0,1,1,-1,-1,-1,-1,-1,-1,-1,-1,-1
"
http://dfwfreeways.com/book/ChTexasStadium?startOdd=False&pdfSize=6+MB&pdfFile=Dallas-Fort-Worth-Freeways-book-08-20140803.pdf,http://dfwfreeways.com/book/ChTexasStadium?startOdd=False&pdfSize=6+MB&pdfFile=Dallas-Fort-Worth-Freeways-book-08-20140803.pdf,0.99,1,0.94,1,1,1,1,0.96,0.99,1,0.49,1,1,1,0.58,1,0.5,1,0.5,1,1,1,1,1,1,0.6,0,1,-1,-1,1,0.99,1,-1,-1,-1,-1,-1,-1,0,1,1,-1,-1,-1,-1,-1,-1,-1,-1,-1
"
http://dfwfreeways.com/book/ChTomLandryHighway?startOdd=False&pdfSize=9%2BMB&pdfFile=Dallas-Fort-Worth-Freeways-book-09-20140803.pdf,http://dfwfreeways.com/book/ChTomLandryHighway?startOdd=False&pdfSize=9%2BMB&pdfFile=Dallas-Fort-Worth-Freeways-book-09-20140803.pdf,0.99,1,0.96,1,1,1,1,0.94,0.99,1,0.49,1,1,1,0.58,1,0.5,1,0.46,1,1,1,1,1,1,0.26,0,1,-1,-1,1,0.95,1,-1,-1,-1,-1,-1,-1,0,1,1,-1,-1,-1,-1,-1,-1,-1,-1,-1
"
http://dfwfreeways.com/book/ChTomLandryHighway?startOdd=False&pdfSize=9+MB&pdfFile=Dallas-Fort-Worth-Freeways-book-09-20140803.pdf,http://dfwfreeways.com/book/ChTomLandryHighway?startOdd=False&pdfSize=9+MB&pdfFile=Dallas-Fort-Worth-Freeways-book-09-20140803.pdf,0.99,1,0.96,1,1,1,1,0.94,0.99,1,0.49,1,1,1,0.58,1,0.5,1,0.46,1,1,1,1,1,1,0.26,0,1,-1,-1,1,0.95,1,-1,-1,-1,-1,-1,-1,0,1,1,-1,-1,-1,-1,-1,-1,-1,-1,-1
"
http://dfwfreeways.com/book/CompleteBook?startOdd=True&pdfSize=124%2BMB&pdfFile=Dallas-Fort-Worth_Freeways_book-20140803.pdf,http://dfwfreeways.com/book/CompleteBook?startOdd=True&pdfSize=124%2BMB&pdfFile=Dallas-Fort-Worth_Freeways_book-20140803.pdf,0.97,1,0.73,1,1,1,1,0.86,0.97,1,0.48,1,1,1,0.75,1,0.75,0.67,0,0.75,1,1,1,1,1,0,0,0.71,-1,-1,0.99,0.06,1,-1,-1,-1,-1,-1,-1,0,1,1,-1,-1,-1,-1,-1,-1,-1,-1,-1
"
http://dfwfreeways.com/book/Ex175?startOdd=True,http://dfwfreeways.com/book/Ex175?startOdd=True,0.99,1,0.88,1,1,1,1,1,0.99,1,0.49,1,1,1,0.75,1,0.75,1,0.58,1,1,1,1,1,1,1,0.02,1,-1,-1,1,1,1,-1,-1,-1,-1,-1,-1,0,1,1,-1,-1,-1,-1,-1,-1,-1,-1,-1
"
http://dfwfreeways.com/book/Ex30EThornton?startOdd=True,http://dfwfreeways.com/book/Ex30EThornton?startOdd=True,0.99,1,0.88,1,1,1,1,1,0.99,1,0.49,1,1,1,0.75,1,0.75,1,0.67,1,1,1,1,1,1,0.98,0.01,1,-1,-1,1,1,1,-1,-1,-1,-1,-1,-1,0,1,1,-1,-1,-1,-1,-1,-1,-1,-1,-1
"
http://dfwfreeways.com/book/ExArlingtonStadiums?startOdd=False,http://dfwfreeways.com/book/ExArlingtonStadiums?startOdd=False,0.99,1,0.88,1,1,1,1,1,0.99,1,0.49,1,1,1,0.75,1,0.75,1,1,1,1,1,1,1,1,1,0.05,1,-1,-1,1,1,1,-1,-1,-1,-1,-1,-1,0,1,1,-1,-1,-1,-1,-1,-1,-1,-1,-1
"
http://dfwfreeways.com/book/ExBush?startOdd=False,http://dfwfreeways.com/book/ExBush?startOdd=False,0.99,1,0.94,1,1,1,1,0.96,0.99,1,0.49,1,1,1,0.58,1,0.5,1,0.41,1,1,1,1,1,1,0.63,0,1,-1,-1,1,0.99,1,-1,-1,-1,-1,-1,-1,0,1,1,-1,-1,-1,-1,-1,-1,-1,-1,-1
"
http://dfwfreeways.com/book/ExCancelations?startOdd=False,http://dfwfreeways.com/book/ExCancelations?startOdd=False,0.99,1,0.81,1,1,1,1,1,0.99,1,0.49,1,1,1,0.75,1,0.75,1,0.45,1,1,1,1,1,1,1,0.03,1,-1,-1,1,1,1,-1,-1,-1,-1,-1,-1,0,1,1,-1,-1,-1,-1,-1,-1,-1,-1,-1
"
http://dfwfreeways.com/book/ExControversy?startOdd=False,http://dfwfreeways.com/book/ExControversy?startOdd=False,0.99,1,0.91,1,1,1,1,1,0.99,1,0.49,1,1,1,0.88,1,0.88,1,0.45,1,1,1,1,1,1,1,0.03,1,-1,-1,1,1,1,-1,-1,-1,-1,-1,-1,0,1,1,-1,-1,-1,-1,-1,-1,-1,-1,-1
"
http://dfwfreeways.com/book/ExCookieCutter?startOdd=False,http://dfwfreeways.com/book/ExCookieCutter?startOdd=False,0.99,1,0.93,1,1,1,1,1,0.99,1,0.48,1,1,1,0.75,1,0.75,1,0.67,1,1,1,1,1,1,1,0.02,1,-1,-1,1,1,1,-1,-1,-1,-1,-1,-1,0,1,1,-1,-1,-1,-1,-1,-1,-1,-1,-1
"
http://dfwfreeways.com/book/ExDFWTurnpike?startOdd=False,http://dfwfreeways.com/book/ExDFWTurnpike?startOdd=False,0.99,1,0.93,1,1,1,1,1,0.99,1,0.49,1,1,1,0.75,1,0.75,1,0.5,1,1,1,1,1,1,0.95,0.01,1,-1,-1,1,1,1,-1,-1,-1,-1,-1,-1,0,1,1,-1,-1,-1,-1,-1,-1,-1,-1,-1
"
http://dfwfreeways.com/book/ExDNT?startOdd=True,http://dfwfreeways.com/book/ExDNT?startOdd=True,0.99,1,0.88,1,1,1,1,1,0.99,1,0.49,1,1,1,0.75,1,0.75,1,0.75,1,1,1,1,1,1,0.89,0.01,1,-1,-1,1,1,1,-1,-1,-1,-1,-1,-1,0,1,1,-1,-1,-1,-1,-1,-1,-1,-1,-1
"
http://dfwfreeways.com/book/ExDelta191?startOdd=False,http://dfwfreeways.com/book/ExDelta191?startOdd=False,0.99,1,0.91,1,1,1,1,1,0.99,1,0.49,1,1,1,0.75,1,0.75,1,0.75,1,1,1,1,1,1,1,0.02,1,-1,-1,1,1,1,-1,-1,-1,-1,-1,-1,0,1,1,-1,-1,-1,-1,-1,-1,-1,-1,-1
"
http://dfwfreeways.com/book/ExFW30?startOdd=False,http://dfwfreeways.com/book/ExFW30?startOdd=False,0.99,1,0.91,1,1,1,1,1,0.99,1,0.49,1,1,1,0.75,1,0.75,1,1,1,1,1,1,1,1,1,0.03,1,-1,-1,1,1,1,-1,-1,-1,-1,-1,-1,0,1,1,-1,-1,-1,-1,-1,-1,-1,-1,-1
"
http://dfwfreeways.com/book/ExFW35WS?startOdd=True,http://dfwfreeways.com/book/ExFW35WS?startOdd=True,0.99,1,0.88,1,1,1,1,1,0.99,1,0.49,1,1,1,0.75,1,0.75,1,0.67,1,1,1,1,1,1,1,0.03,1,-1,-1,1,1,1,-1,-1,-1,-1,-1,-1,0,1,1,-1,-1,-1,-1,-1,-1,-1,-1,-1
"
http://dfwfreeways.com/book/ExFW820?startOdd=True,http://dfwfreeways.com/book/ExFW820?startOdd=True,0.99,1,0.94,1,1,1,1,1,0.99,1,0.49,1,1,1,0.75,1,0.75,1,0.88,1,1,1,1,1,1,1,0.02,1,-1,-1,1,1,1,-1,-1,-1,-1,-1,-1,0,1,1,-1,-1,-1,-1,-1,-1,-1,-1,-1
"
http://dfwfreeways.com/book/ExFWDowntownLoop?startOdd=True,http://dfwfreeways.com/book/ExFWDowntownLoop?startOdd=True,0.99,1,0.91,1,1,1,1,1,0.99,1,0.49,1,1,1,0.75,1,0.75,1,0.5,1,1,1,1,1,1,1,0.02,1,-1,-1,1,1,1,-1,-1,-1,-1,-1,-1,0,1,1,-1,-1,-1,-1,-1,-1,-1,-1,-1
"
http://dfwfreeways.com/book/ExFWLancaster?startOdd=True,http://dfwfreeways.com/book/ExFWLancaster?startOdd=True,0.99,0.96,0.91,1,1,1,1,1,0.99,1,0.49,1,1,1,0.75,1,0.75,1,0.67,1,1,1,1,1,1,0.95,0.01,1,-1,-1,1,1,1,-1,-1,-1,-1,-1,-1,0,1,1,-1,-1,-1,-1,-1,-1,-1,-1,-1
"
http://dfwfreeways.com/book/ExFWMixmaster?startOdd=False,http://dfwfreeways.com/book/ExFWMixmaster?startOdd=False,0.99,1,0.94,1,1,1,1,1,0.99,1,0.49,1,1,1,0.75,1,0.75,1,1,1,1,1,1,1,1,1,0.16,1,-1,-1,1,1,1,-1,-1,-1,-1,-1,-1,0,1,1,-1,-1,-1,-1,-1,-1,-1,-1,-1
"
http://dfwfreeways.com/book/ExInternationalParkway?startOdd=True,http://dfwfreeways.com/book/ExInternationalParkway?startOdd=True,0.99,1,0.93,1,1,1,1,1,0.99,1,0.48,1,1,1,0.75,1,0.75,1,0.88,1,1,1,1,1,1,1,0.05,1,-1,-1,1,1,1,-1,-1,-1,-1,-1,-1,0,1,1,-1,-1,-1,-1,-1,-1,-1,-1,-1
"
http://dfwfreeways.com/book/ExLBJ?startOdd=False,http://dfwfreeways.com/book/ExLBJ?startOdd=False,0.99,1,0.91,1,1,1,1,1,0.99,1,0.49,1,1,1,0.75,1,0.75,1,0.67,1,1,1,1,1,1,0.93,0.01,1,-1,-1,1,1,1,-1,-1,-1,-1,-1,-1,0,1,1,-1,-1,-1,-1,-1,-1,-1,-1,-1
"
http://dfwfreeways.com/book/ExSH114?startOdd=True,http://dfwfreeways.com/book/ExSH114?startOdd=True,0.99,1,0.88,1,1,1,1,1,0.99,1,0.48,1,1,1,0.75,1,0.75,1,0.75,1,1,1,1,1,1,1,0.01,1,-1,-1,1,1,1,-1,-1,-1,-1,-1,-1,0,1,1,-1,-1,-1,-1,-1,-1,-1,-1,-1
"
http://dfwfreeways.com/book/ExSH183?startOdd=False,http://dfwfreeways.com/book/ExSH183?startOdd=False,0.99,1,0.94,1,1,1,1,1,0.99,1,0.49,1,1,1,0.75,1,0.75,1,0.88,1,1,1,1,1,1,0.97,0.01,1,-1,-1,1,1,1,-1,-1,-1,-1,-1,-1,0,1,1,-1,-1,-1,-1,-1,-1,-1,-1,-1
"
http://dfwfreeways.com/book/ExSixFlags?startOdd=True,http://dfwfreeways.com/book/ExSixFlags?startOdd=True,0.99,1,0.88,1,1,1,1,1,0.99,1,0.49,1,1,1,0.75,1,0.75,1,1,1,1,1,1,1,1,1,0.04,1,-1,-1,1,1,1,-1,-1,-1,-1,-1,-1,0,1,1,-1,-1,-1,-1,-1,-1,-1,-1,-1
"
http://dfwfreeways.com/book/ExStemmonsFreeway?startOdd=True,http://dfwfreeways.com/book/ExStemmonsFreeway?startOdd=True,0.99,0.93,0.88,1,1,1,1,0.95,0.99,1,0.49,1,1,1,0.58,1,0.5,1,0.46,1,1,1,1,1,1,0.42,0,1,-1,-1,1,0.98,1,-1,-1,-1,-1,-1,-1,0,1,1,-1,-1,-1,-1,-1,-1,-1,-1,-1
"
http://dfwfreeways.com/book/ExStemmonsJFKFreeway?startOdd=False,http://dfwfreeways.com/book/ExStemmonsJFKFreeway?startOdd=False,0.99,1,0.91,1,1,1,1,1,0.99,1,0.48,1,1,1,0.75,1,0.75,1,0.46,1,1,1,1,1,1,1,0.03,1,-1,-1,1,1,1,-1,-1,-1,-1,-1,-1,0,1,1,-1,-1,-1,-1,-1,-1,-1,-1,-1
"
http://dfwfreeways.com/book/ExStemmonsJFKSigns?startOdd=True,http://dfwfreeways.com/book/ExStemmonsJFKSigns?startOdd=True,0.99,1,0.96,1,1,1,1,0.95,0.99,1,0.49,1,1,1,0.58,1,0.5,1,0.43,1,1,1,1,1,1,0.79,0,1,-1,-1,1,0.99,1,-1,-1,-1,-1,-1,-1,0,1,1,-1,-1,-1,-1,-1,-1,-1,-1,-1
"
http://dfwfreeways.com/book/ExStemmonsJFKZapruder?startOdd=False,http://dfwfreeways.com/book/ExStemmonsJFKZapruder?startOdd=False,0.99,1,0.94,1,1,1,1,1,0.99,1,0.49,1,1,1,0.75,1,0.75,1,0.75,1,1,1,1,1,1,1,0.09,1,-1,-1,1,1,1,-1,-1,-1,-1,-1,-1,0,1,1,-1,-1,-1,-1,-1,-1,-1,-1,-1
"
http://dfwfreeways.com/book/ExTelecomCorridor?startOdd=False,http://dfwfreeways.com/book/ExTelecomCorridor?startOdd=False,0.99,1,0.94,1,1,1,1,0.95,0.99,1,0.49,1,1,1,0.58,1,0.5,1,0.58,1,1,1,1,1,1,0.87,0,1,-1,-1,1,1,1,-1,-1,-1,-1,-1,-1,0,1,1,-1,-1,-1,-1,-1,-1,-1,-1,-1
"
http://dfwfreeways.com/book/ExTexasStadiumImplosion?startOdd=False,http://dfwfreeways.com/book/ExTexasStadiumImplosion?startOdd=False,0.99,1,0.96,1,1,1,1,1,0.99,1,0.48,1,1,1,0.75,1,0.75,1,0.88,1,1,1,1,1,1,1,0.05,1,-1,-1,1,1,1,-1,-1,-1,-1,-1,-1,0,1,1,-1,-1,-1,-1,-1,-1,-1,-1,-1
"
http://dfwfreeways.com/book/ExTrinityParkway?startOdd=False,http://dfwfreeways.com/book/ExTrinityParkway?startOdd=False,0.99,1,0.88,1,1,1,1,1,0.99,1,0.49,1,1,1,0.75,1,0.75,1,0.46,1,1,1,1,1,1,0.91,0.01,1,-1,-1,1,1,1,-1,-1,-1,-1,-1,-1,0,1,1,-1,-1,-1,-1,-1,-1,-1,-1,-1
"
http://dfwfreeways.com/book/ExWoodallRodgers?startOdd=False,http://dfwfreeways.com/book/ExWoodallRodgers?startOdd=False,0.88,0.85,0.75,0.9,1,1,0.98,0.96,0.88,1,0.36,1,1,1,0.36,1,0.27,1,0.5,0.25,1,1,1,1,1,0.68,0,1,-1,-1,1,0.99,1,-1,-1,-1,-1,-1,-1,0,1,1,-1,-1,-1,-1,-1,-1,-1,-1,-1
"
http://dfwfreeways.com/bush/construction-grand-prairie-frontage,http://dfwfreeways.com/bush/construction-grand-prairie-frontage,0.98,0.93,0.92,0.93,1,1,1,0.98,0.98,1,0.47,0,1,1,0.36,1,0.25,0,0,1,1,1,1,1,0.71,0.9,0.01,1,-1,-1,1,1,1,-1,-1,-1,-1,-1,-1,0,1,1,-1,-1,-1,-1,-1,-1,-1,-1,-1
"
http://dfwfreeways.com/bush/construction-grand-prairie-main-lanes,http://dfwfreeways.com/bush/construction-grand-prairie-main-lanes,0.98,0.93,0.97,0.93,1,1,1,0.98,0.98,1,0.47,0,1,1,0.36,1,0.25,0.24,0,1,1,1,1,1,1,0.92,0.01,1,-1,-1,1,1,1,-1,-1,-1,-1,-1,-1,0,1,1,-1,-1,-1,-1,-1,-1,-1,-1,-1
"
http://dfwfreeways.com/bush/construction-grand-prairie-row,http://dfwfreeways.com/bush/construction-grand-prairie-row,0.97,0.92,0.01,0.92,1,1,1,0.98,0.97,1,0.47,0.27,1,1,0.36,1,0.25,0.16,0,0.88,1,1,1,1,1,0.66,0,1,-1,-1,1,1,1,-1,-1,-1,-1,-1,-1,0,1,1,-1,-1,-1,-1,-1,-1,-1,-1,-1
"
http://dfwfreeways.com/bush/construction-irving-main-lanes,http://dfwfreeways.com/bush/construction-irving-main-lanes,0.98,0.91,0.94,0.93,1,1,1,0.98,0.98,1,0.47,0,1,1,0.36,1,0.25,0.23,0,1,1,1,1,1,1,0.9,0.01,1,-1,-1,1,1,1,-1,-1,-1,-1,-1,-1,0,1,1,-1,-1,-1,-1,-1,-1,-1,-1,-1
"
http://dfwfreeways.com/bush/construction-sh183,http://dfwfreeways.com/bush/construction-sh183,0.98,0.91,0.39,0.93,1,1,1,0.98,0.98,1,0.47,0,1,1,0.36,1,0.25,0.3,0,1,1,1,1,1,1,0.99,0.01,1,-1,-1,1,1,1,-1,-1,-1,-1,-1,-1,0,1,1,-1,-1,-1,-1,-1,-1,-1,-1,-1
"
http://dfwfreeways.com/bush/driving-irving,http://dfwfreeways.com/bush/driving-irving,0.98,0.89,0.08,0.93,1,1,1,1,0.98,1,0.5,0.01,1,1,0.36,1,0.25,0.29,0,1,1,1,1,1,1,0.99,0.01,1,-1,-1,1,1,1,-1,-1,-1,-1,-1,-1,0,1,1,-1,-1,-1,-1,-1,-1,-1,-1,-1
"
http://dfwfreeways.com/bush/driving-north,http://dfwfreeways.com/bush/driving-north,0.97,0.86,0.01,0.91,1,1,1,0.96,0.97,1,0.46,0,1,1,0.36,1,0.25,0,0,0.88,1,1,1,1,1,0.33,0,1,-1,-1,1,0.99,1,-1,-1,-1,-1,-1,-1,0,1,1,-1,-1,-1,-1,-1,-1,-1,-1,-1
"
http://dfwfreeways.com/bush/driving-west,http://dfwfreeways.com/bush/driving-west,0.97,0.89,0,0.92,1,1,1,0.98,0.97,1,0.47,0,1,1,0.36,1,0.25,0.23,0,0.88,1,1,1,1,1,0.85,0,1,-1,-1,1,1,1,-1,-1,-1,-1,-1,-1,0,1,1,-1,-1,-1,-1,-1,-1,-1,-1,-1
"
http://dfwfreeways.com/bush/roadside-irving,http://dfwfreeways.com/bush/roadside-irving,0.98,0.92,0.97,0.93,1,1,1,0.98,0.98,1,0.48,0,1,1,0.36,1,0.25,0.26,0,1,1,1,1,1,1,0.99,0.01,1,-1,-1,1,1,1,-1,-1,-1,-1,-1,-1,0,1,1,-1,-1,-1,-1,-1,-1,-1,-1,-1
"
http://dfwfreeways.com/bush,http://dfwfreeways.com/bush,1,1,1,1,1,1,1,1,1,1,0.76,1,1,1,1,0.88,1,1,1,1,1,1,1,1,1,1,0.63,1,-1,-1,1,1,1,-1,-1,-1,-1,-1,-1,0,1,1,-1,-1,-1,-1,-1,-1,-1,-1,-1
"
http://dfwfreeways.com/chisholm-trail-parkway/driving,http://dfwfreeways.com/chisholm-trail-parkway/driving,0.98,1,0.99,0.92,1,1,1,1,0.98,1,0.48,0,1,1,0.36,1,0.25,0,0,0.88,1,1,1,1,1,0.26,0,1,-1,-1,1,0.99,1,-1,-1,-1,-1,-1,-1,0,1,1,-1,-1,-1,-1,-1,-1,-1,-1,-1
"
http://dfwfreeways.com/chisholm-trail-parkway/roadside-opening,http://dfwfreeways.com/chisholm-trail-parkway/roadside-opening,0.98,0.93,0.99,0.93,1,1,1,0.98,0.98,1,0.48,0,1,1,0.36,1,0.25,0.08,0,1,1,1,1,1,1,0.21,0,1,-1,-1,1,1,1,-1,-1,-1,-1,-1,-1,0,1,1,-1,-1,-1,-1,-1,-1,-1,-1,-1
"
http://dfwfreeways.com/chisholm-trail-parkway,http://dfwfreeways.com/chisholm-trail-parkway,1,1,1,1,1,1,1,1,1,1,0.72,1,1,1,1,0.88,1,1,1,1,1,1,1,1,1,1,0.66,1,-1,-1,1,1,1,-1,-1,-1,-1,-1,-1,0,1,1,-1,-1,-1,-1,-1,-1,-1,-1,-1
"
http://dfwfreeways.com/dnt/construction-frisco,http://dfwfreeways.com/dnt/construction-frisco,0.97,0.9,0,0.92,1,1,1,0.98,0.97,1,0.47,0,1,1,0.36,1,0.25,0.02,0,0.88,1,1,1,1,1,0.55,0,1,-1,-1,1,1,1,-1,-1,-1,-1,-1,-1,0,1,1,-1,-1,-1,-1,-1,-1,-1,-1,-1
"
http://dfwfreeways.com/dnt/driving,http://dfwfreeways.com/dnt/driving,0.98,1,0.97,0.92,1,1,1,1,0.98,1,0.49,0,1,1,0.36,1,0.25,0,0,0.88,1,1,1,1,1,0.12,0,1,-1,-1,1,0.99,1,-1,-1,-1,-1,-1,-1,0,1,1,-1,-1,-1,-1,-1,-1,-1,-1,-1
"
http://dfwfreeways.com/dnt/historical,http://dfwfreeways.com/dnt/historical,0.98,0.98,0.69,0.99,1,1,1,0.98,0.98,1,0.47,0.11,1,1,0.5,1,0.46,0.5,0.3,1,1,1,1,1,1,1,0.03,1,-1,-1,1,1,1,-1,-1,-1,-1,-1,-1,0,1,1,-1,-1,-1,-1,-1,-1,-1,-1,-1
"
http://dfwfreeways.com/dnt/roadside-bush-residence,http://dfwfreeways.com/dnt/roadside-bush-residence,0.98,0.93,0.99,0.93,1,1,1,0.96,0.98,1,0.46,0,1,1,0.36,1,0.25,0.33,0,1,1,1,1,1,1,0.87,0,1,-1,-1,1,1,1,-1,-1,-1,-1,-1,-1,0,1,1,-1,-1,-1,-1,-1,-1,-1,-1,-1
"
http://dfwfreeways.com/dnt/roadside-north,http://dfwfreeways.com/dnt/roadside-north,0.97,0.91,0.96,0.91,1,1,1,0.97,0.97,1,0.47,0,1,1,0.36,1,0.25,0,0,0.88,1,1,1,1,1,0.33,0,1,-1,-1,1,1,1,-1,-1,-1,-1,-1,-1,0,1,1,-1,-1,-1,-1,-1,-1,-1,-1,-1
"
http://dfwfreeways.com/dnt,http://dfwfreeways.com/dnt,1,0.97,1,1,1,1,1,1,1,1,0.65,1,1,1,1,0.98,1,1,1,1,1,1,1,1,1,1,0.62,1,-1,-1,1,1,1,-1,-1,-1,-1,-1,-1,0,1,1,-1,-1,-1,-1,-1,-1,-1,-1,-1
"
http://dfwfreeways.com/i20-dallas/roadside-dallas,http://dfwfreeways.com/i20-dallas/roadside-dallas,0.97,0.92,0.96,0.92,1,1,1,0.98,0.97,1,0.47,0,1,1,0.36,1,0.25,0,0,0.88,1,1,1,1,1,0.52,0,1,-1,-1,1,1,1,-1,-1,-1,-1,-1,-1,0,1,1,-1,-1,-1,-1,-1,-1,-1,-1,-1
"
http://dfwfreeways.com/i20-dallas/roadside-terrell,http://dfwfreeways.com/i20-dallas/roadside-terrell,0.98,0.97,0.99,0.96,1,1,1,0.98,0.98,1,0.47,0.13,1,1,0.43,1,0.38,0.41,0.17,1,1,1,1,1,1,1,0.02,1,-1,-1,1,1,1,-1,-1,-1,-1,-1,-1,0,1,1,-1,-1,-1,-1,-1,-1,-1,-1,-1
"
http://dfwfreeways.com/i20-dallas,http://dfwfreeways.com/i20-dallas,0.98,1,0.97,1,1,1,1,1,0.98,1,0.48,1,1,0.88,1,0.48,1,1,0.88,0.5,1,1,1,1,1,1,0.36,1,-1,-1,1,1,1,-1,-1,-1,-1,-1,-1,0,1,1,-1,-1,-1,-1,-1,-1,-1,-1,-1
"
http://dfwfreeways.com/i20-west/construction-ranger-hill,http://dfwfreeways.com/i20-west/construction-ranger-hill,0.98,0.92,0.99,0.93,1,1,1,0.97,0.98,1,0.46,0,1,1,0.36,1,0.25,0.37,0,1,1,1,1,1,1,0.86,0,1,-1,-1,1,1,1,-1,-1,-1,-1,-1,-1,0,1,1,-1,-1,-1,-1,-1,-1,-1,-1,-1
"
http://dfwfreeways.com/i20-west/driving,http://dfwfreeways.com/i20-west/driving,0.97,0.92,0.99,0.92,1,1,1,0.99,0.97,1,0.47,0,1,1,0.36,1,0.25,0.2,0,0.88,1,1,1,1,1,0.73,0,1,-1,-1,1,1,1,-1,-1,-1,-1,-1,-1,0,1,1,-1,-1,-1,-1,-1,-1,-1,-1,-1
"
http://dfwfreeways.com/i20-west/roadside-west,http://dfwfreeways.com/i20-west/roadside-west,0.98,0.93,0.99,0.93,1,1,1,0.99,0.98,1,0.47,0.06,1,1,0.36,1,0.25,0.39,0.06,1,1,1,1,1,1,1,0.02,1,-1,-1,1,1,1,-1,-1,-1,-1,-1,-1,0,1,1,-1,-1,-1,-1,-1,-1,-1,-1,-1
"
http://dfwfreeways.com/i20-west,http://dfwfreeways.com/i20-west,0.98,1,0.97,1,1,1,1,1,0.98,1,0.47,1,1,0.88,1,0.48,1,1,0.88,0.5,1,1,1,1,1,1,0.35,1,-1,-1,1,1,1,-1,-1,-1,-1,-1,-1,0,1,1,-1,-1,-1,-1,-1,-1,-1,-1,-1
"
http://dfwfreeways.com/i30-dallas/construction-horseshoe,http://dfwfreeways.com/i30-dallas/construction-horseshoe,0.97,0.93,0.98,0.92,1,1,1,0.99,0.97,1,0.47,0,1,1,0.36,1,0.25,0,0,0.88,1,1,1,1,1,0.05,0,1,-1,-1,1,0.99,1,-1,-1,-1,-1,-1,-1,0,1,1,-1,-1,-1,-1,-1,-1,-1,-1,-1
"
http://dfwfreeways.com/i30-dallas/driving-dallas,http://dfwfreeways.com/i30-dallas/driving-dallas,0.97,0.92,0.96,0.92,1,1,1,0.99,0.97,1,0.47,0,1,1,0.36,1,0.25,0,0,0.88,1,1,1,1,1,0.65,0,1,-1,-1,1,1,1,-1,-1,-1,-1,-1,-1,0,1,1,-1,-1,-1,-1,-1,-1,-1,-1,-1
"
http://dfwfreeways.com/i30-dallas/historical,http://dfwfreeways.com/i30-dallas/historical,0.98,0.99,0.6,0.99,1,1,1,0.99,0.98,1,0.47,0.24,1,1,0.58,1,0.48,0.85,0.44,1,1,1,1,1,1,1,0.06,1,-1,-1,1,1,1,-1,-1,-1,-1,-1,-1,0,1,1,-1,-1,-1,-1,-1,-1,-1,-1,-1
"
http://dfwfreeways.com/i30-dallas/roadside-canyon,http://dfwfreeways.com/i30-dallas/roadside-canyon,0.98,0.93,0.99,0.93,1,1,1,0.99,0.98,1,0.47,0.08,1,1,0.36,1,0.25,0.37,0.04,1,1,1,1,1,1,1,0.02,1,-1,-1,1,1,1,-1,-1,-1,-1,-1,-1,0,1,1,-1,-1,-1,-1,-1,-1,-1,-1,-1
"
http://dfwfreeways.com/i30-dallas/roadside-dallas,http://dfwfreeways.com/i30-dallas/roadside-dallas,0.98,0.93,0.97,0.93,1,1,1,0.99,0.98,1,0.48,0,1,1,0.36,1,0.25,0.15,0,1,1,1,1,1,1,0.88,0,1,-1,-1,1,1,1,-1,-1,-1,-1,-1,-1,0,1,1,-1,-1,-1,-1,-1,-1,-1,-1,-1
"
http://dfwfreeways.com/i30-dallas,http://dfwfreeways.com/i30-dallas,1,1,1,1,1,1,1,1,1,1,0.71,1,1,1,1,0.88,1,1,1,1,1,1,1,1,1,1,0.64,1,-1,-1,1,1,1,-1,-1,-1,-1,-1,-1,0,1,1,-1,-1,-1,-1,-1,-1,-1,-1,-1
"
http://dfwfreeways.com/i30-fort-worth/driving,http://dfwfreeways.com/i30-fort-worth/driving,0.97,0.93,0.96,0.92,1,1,1,0.99,0.97,1,0.47,0,1,1,0.36,1,0.25,0,0,0.88,1,1,1,1,1,0.68,0,1,-1,-1,1,1,1,-1,-1,-1,-1,-1,-1,0,1,1,-1,-1,-1,-1,-1,-1,-1,-1,-1
"
http://dfwfreeways.com/i30-fort-worth/roadside,http://dfwfreeways.com/i30-fort-worth/roadside,0.98,0.93,0.97,0.93,1,1,1,0.99,0.98,1,0.47,0.06,1,1,0.36,1,0.25,0.3,0,1,1,1,1,1,1,0.99,0.01,1,-1,-1,1,1,1,-1,-1,-1,-1,-1,-1,0,1,1,-1,-1,-1,-1,-1,-1,-1,-1,-1
"
http://dfwfreeways.com/i30-fort-worth,http://dfwfreeways.com/i30-fort-worth,0.98,1,0.97,1,1,1,1,1,0.98,1,0.47,1,1,0.88,1,0.48,1,1,0.88,0.5,1,1,1,1,1,1,0.36,1,-1,-1,1,1,1,-1,-1,-1,-1,-1,-1,0,1,1,-1,-1,-1,-1,-1,-1,-1,-1,-1
"
http://dfwfreeways.com/i30-landry/construction-2009,http://dfwfreeways.com/i30-landry/construction-2009,0.98,0.9,0.02,0.93,1,1,1,0.97,0.98,1,0.47,0.15,1,1,0.36,1,0.25,0.41,0.15,1,1,1,1,1,1,1,0.02,1,-1,-1,1,1,1,-1,-1,-1,-1,-1,-1,0,1,1,-1,-1,-1,-1,-1,-1,-1,-1,-1
"
http://dfwfreeways.com/i30-landry/construction-360,http://dfwfreeways.com/i30-landry/construction-360,0.97,0.87,0,0.92,1,1,1,0.98,0.97,1,0.47,0,1,1,0.36,1,0.25,0.14,0,0.88,1,1,1,1,1,0.06,0,1,-1,-1,1,0.97,1,-1,-1,-1,-1,-1,-1,0,1,1,-1,-1,-1,-1,-1,-1,-1,-1,-1
"
http://dfwfreeways.com/i30-landry/driving-fort-worth,http://dfwfreeways.com/i30-landry/driving-fort-worth,0.98,0.93,0.99,0.93,1,1,1,0.98,0.98,1,0.47,0,1,1,0.36,1,0.25,0.26,0,1,1,1,1,1,1,0.99,0.01,1,-1,-1,1,1,1,-1,-1,-1,-1,-1,-1,0,1,1,-1,-1,-1,-1,-1,-1,-1,-1,-1
"
http://dfwfreeways.com/i30-landry/driving-mid-cities,http://dfwfreeways.com/i30-landry/driving-mid-cities,0.97,0.82,0.2,0.92,1,1,1,0.98,0.97,1,0.47,0,1,1,0.36,1,0.25,0.24,0,0.88,1,1,1,1,1,0.97,0.01,1,-1,-1,1,1,1,-1,-1,-1,-1,-1,-1,0,1,1,-1,-1,-1,-1,-1,-1,-1,-1,-1
"
http://dfwfreeways.com/i30-landry/driving-six-flags,http://dfwfreeways.com/i30-landry/driving-six-flags,0.98,0.99,0.97,0.99,1,1,1,0.7,0.98,1,0.45,0.48,1,1,0.5,1,0.46,0.71,0.48,1,1,1,1,1,1,1,0.16,1,-1,-1,1,1,1,-1,-1,-1,-1,-1,-1,0,1,1,-1,-1,-1,-1,-1,-1,-1,-1,-1
"
http://dfwfreeways.com/i30-landry/historical,http://dfwfreeways.com/i30-landry/historical,0.98,0.99,0.03,0.99,1,1,1,0.97,0.98,1,0.47,0.17,1,1,0.48,1,0.45,0.41,0.26,1,1,1,1,1,1,1,0.03,1,-1,-1,1,1,1,-1,-1,-1,-1,-1,-1,0,1,1,-1,-1,-1,-1,-1,-1,-1,-1,-1
"
http://dfwfreeways.com/i30-landry/roadside-cowboys-stadium,http://dfwfreeways.com/i30-landry/roadside-cowboys-stadium,0.98,0.91,0.01,0.93,1,1,1,0.99,0.98,1,0.47,0,1,1,0.36,1,0.25,0.3,0,1,1,1,1,1,1,0.95,0.01,1,-1,-1,1,1,1,-1,-1,-1,-1,-1,-1,0,1,1,-1,-1,-1,-1,-1,-1,-1,-1,-1
"
http://dfwfreeways.com/i30-landry/roadside,http://dfwfreeways.com/i30-landry/roadside,0.97,0.91,0.96,0.92,1,1,1,0.99,0.97,1,0.47,0,1,1,0.36,1,0.25,0,0,0.88,1,1,1,1,1,0.39,0,1,-1,-1,1,1,1,-1,-1,-1,-1,-1,-1,0,1,1,-1,-1,-1,-1,-1,-1,-1,-1,-1
"
http://dfwfreeways.com/i30-landry,http://dfwfreeways.com/i30-landry,1,1,1,1,1,1,1,1,1,1,0.72,1,1,1,1,0.88,1,1,1,1,1,1,1,1,1,1,0.64,1,-1,-1,1,1,1,-1,-1,-1,-1,-1,-1,0,1,1,-1,-1,-1,-1,-1,-1,-1,-1,-1
"
http://dfwfreeways.com/i35e-north/construction-121,http://dfwfreeways.com/i35e-north/construction-121,0.98,1,0.99,0.92,1,1,1,0.99,0.98,1,0.49,0,1,1,0.36,1,0.25,0,0,0.88,1,1,1,1,1,0.08,0,1,-1,-1,1,0.99,1,-1,-1,-1,-1,-1,-1,0,1,1,-1,-1,-1,-1,-1,-1,-1,-1,-1
"
http://dfwfreeways.com/i35e-north/construction-2012-march,http://dfwfreeways.com/i35e-north/construction-2012-march,0.98,0.96,0.01,0.97,1,1,1,0.95,0.98,1,0.46,0.09,1,1,0.43,1,0.36,0.46,0.19,1,1,1,1,1,1,1,0.02,1,-1,-1,1,1,1,-1,-1,-1,-1,-1,-1,0,1,1,-1,-1,-1,-1,-1,-1,-1,-1,-1
"
http://dfwfreeways.com/i35e-north/construction-2014-nov,http://dfwfreeways.com/i35e-north/construction-2014-nov,0.98,0.92,0.79,0.93,1,1,1,0.98,0.98,1,0.48,0,1,1,0.36,1,0.25,0.26,0,1,1,1,1,1,1,0.73,0,1,-1,-1,1,1,1,-1,-1,-1,-1,-1,-1,0,1,1,-1,-1,-1,-1,-1,-1,-1,-1,-1
"
http://dfwfreeways.com/i35e-north/construction-2015-jan,http://dfwfreeways.com/i35e-north/construction-2015-jan,0.99,0.98,0.99,1,1,1,1,1,0.99,1,0.49,0.24,1,1,0.84,1,0.71,0.5,0.26,1,1,0,1,1,1,1,0.03,1,-1,-1,1,1,1,-1,-1,-1,-1,-1,-1,0,1,1,-1,-1,-1,-1,-1,-1,-1,-1,-1
"
http://dfwfreeways.com/i35e-north/driving-lewisville,http://dfwfreeways.com/i35e-north/driving-lewisville,0.98,0.93,0.99,0.93,1,1,1,0.97,0.98,1,0.47,0,1,1,0.36,1,0.25,0.39,0,1,1,1,1,1,1,1,0.02,1,-1,-1,1,1,1,-1,-1,-1,-1,-1,-1,0,1,1,-1,-1,-1,-1,-1,-1,-1,-1,-1
"
http://dfwfreeways.com/i35e-north/historical,http://dfwfreeways.com/i35e-north/historical,0.98,0.89,0.69,0.93,1,1,1,0.98,0.98,1,0.47,0,1,1,0.36,1,0.25,0,0,1,1,1,1,1,1,0.18,0,1,-1,-1,1,1,1,-1,-1,-1,-1,-1,-1,0,1,1,-1,-1,-1,-1,-1,-1,-1,-1,-1
"
http://dfwfreeways.com/i35e-north/roadside-dallas,http://dfwfreeways.com/i35e-north/roadside-dallas,0.97,0.92,0.96,0.92,1,1,1,0.98,0.97,1,0.47,0,1,1,0.36,1,0.25,0.04,0,0.88,1,1,1,1,1,0.67,0,1,-1,-1,1,1,1,-1,-1,-1,-1,-1,-1,0,1,1,-1,-1,-1,-1,-1,-1,-1,-1,-1
"
http://dfwfreeways.com/i35e-north/roadside-north,http://dfwfreeways.com/i35e-north/roadside-north,0.98,0.93,0.99,0.93,1,1,1,0.98,0.98,1,0.47,0,1,1,0.36,1,0.25,0.3,0,1,1,1,1,1,1,0.99,0.01,1,-1,-1,1,1,1,-1,-1,-1,-1,-1,-1,0,1,1,-1,-1,-1,-1,-1,-1,-1,-1,-1
"
http://dfwfreeways.com/i35e-north,http://dfwfreeways.com/i35e-north,1,1,1,1,1,1,1,1,1,1,0.78,1,1,1,1,0.93,1,1,1,1,1,1,1,1,1,1,0.64,1,-1,-1,1,1,1,-1,-1,-1,-1,-1,-1,0,1,1,-1,-1,-1,-1,-1,-1,-1,-1,-1
"
http://dfwfreeways.com/i35e-south/construction-horseshoe-1,http://dfwfreeways.com/i35e-south/construction-horseshoe-1,0.98,0.91,0.42,0.93,1,1,1,0.98,0.98,1,0.47,0,1,1,0.36,1,0.25,0.46,0.01,1,1,1,1,1,1,1,0.02,1,-1,-1,1,1,1,-1,-1,-1,-1,-1,-1,0,1,1,-1,-1,-1,-1,-1,-1,-1,-1,-1
"
http://dfwfreeways.com/i35e-south/roadside,http://dfwfreeways.com/i35e-south/roadside,0.97,0.93,0.96,0.92,1,1,1,0.98,0.97,1,0.47,0,1,1,0.36,1,0.25,0,0,0.88,1,1,1,1,1,0.61,0,1,-1,-1,1,1,1,-1,-1,-1,-1,-1,-1,0,1,1,-1,-1,-1,-1,-1,-1,-1,-1,-1
"
http://dfwfreeways.com/i35e-south,http://dfwfreeways.com/i35e-south,1,1,1,1,1,1,1,1,1,1,0.72,1,1,1,1,0.88,1,1,1,1,1,1,1,1,1,1,0.65,1,-1,-1,1,1,1,-1,-1,-1,-1,-1,-1,0,1,1,-1,-1,-1,-1,-1,-1,-1,-1,-1
"
http://dfwfreeways.com/i35w/construction-2016-march,http://dfwfreeways.com/i35w/construction-2016-march,0.97,0.9,0.82,0.92,1,1,1,0.98,0.97,1,0.47,0,1,1,0.36,1,0.25,0.21,0,0.88,1,1,1,1,1,0.7,0,1,-1,-1,1,1,1,-1,-1,-1,-1,-1,-1,0,1,1,-1,-1,-1,-1,-1,-1,-1,-1,-1
"
http://dfwfreeways.com/i35w/construction-2016-nov,http://dfwfreeways.com/i35w/construction-2016-nov,0.97,0.92,0.8,0.92,1,1,1,0.98,0.97,1,0.47,0,1,1,0.36,1,0.25,0.17,0,0.88,1,1,1,1,1,0.22,0,1,-1,-1,1,0.99,1,-1,-1,-1,-1,-1,-1,0,1,1,-1,-1,-1,-1,-1,-1,-1,-1,-1
"
http://dfwfreeways.com/i35w,http://dfwfreeways.com/i35w,1,1,1,1,1,1,1,1,1,1,0.72,1,1,0.88,1,0.88,1,1,1,1,1,1,1,1,1,1,0.66,1,-1,-1,1,1,1,-1,-1,-1,-1,-1,-1,0,1,1,-1,-1,-1,-1,-1,-1,-1,-1,-1
"
http://dfwfreeways.com/i45/roadside,http://dfwfreeways.com/i45/roadside,0.97,0.92,0.96,0.92,1,1,1,0.97,0.97,1,0.47,0,1,1,0.36,1,0.25,0.12,0,0.88,1,1,1,1,1,0.86,0,1,-1,-1,1,1,1,-1,-1,-1,-1,-1,-1,0,1,1,-1,-1,-1,-1,-1,-1,-1,-1,-1
"
http://dfwfreeways.com/i45,http://dfwfreeways.com/i45,1,1,1,1,1,1,1,1,1,1,0.72,1,1,1,1,0.88,1,1,1,1,1,1,1,1,1,1,0.67,1,-1,-1,1,1,1,-1,-1,-1,-1,-1,-1,0,1,1,-1,-1,-1,-1,-1,-1,-1,-1,-1
"
http://dfwfreeways.com/i635/construction-lbj-express,http://dfwfreeways.com/i635/construction-lbj-express,0.98,0.93,0.01,0.93,1,1,1,1,0.98,1,0.48,0,1,1,0.36,1,0.25,0.39,0,1,1,1,1,1,1,0.95,0.01,1,-1,-1,1,1,1,-1,-1,-1,-1,-1,-1,0,1,1,-1,-1,-1,-1,-1,-1,-1,-1,-1
"
http://dfwfreeways.com/i635/driving,http://dfwfreeways.com/i635/driving,0.97,0.9,0.85,0.92,1,1,1,0.97,0.97,1,0.47,0,1,1,0.36,1,0.25,0.19,0,0.88,1,1,1,1,1,0.67,0,1,-1,-1,1,1,1,-1,-1,-1,-1,-1,-1,0,1,1,-1,-1,-1,-1,-1,-1,-1,-1,-1
"
http://dfwfreeways.com/i635/roadside-lbj-express,http://dfwfreeways.com/i635/roadside-lbj-express,0.97,0.9,0.85,0.92,1,1,1,0.98,0.97,1,0.47,0,1,1,0.36,1,0.25,0.13,0,0.88,1,1,1,1,1,0.38,0,1,-1,-1,1,1,1,-1,-1,-1,-1,-1,-1,0,1,1,-1,-1,-1,-1,-1,-1,-1,-1,-1
"
http://dfwfreeways.com/i635/roadside-valley-view-mall-demolition,http://dfwfreeways.com/i635/roadside-valley-view-mall-demolition,0.84,0.97,0.87,0.57,1,1,0.97,0.99,0.84,1,0.38,0,1,1,0.06,1,0,0.71,0,0,1,1,1,1,1,0.33,0,1,-1,-1,1,1,1,-1,-1,-1,-1,-1,-1,0,1,1,-1,-1,-1,-1,-1,-1,-1,-1,-1
"
http://dfwfreeways.com/i635/roadside,http://dfwfreeways.com/i635/roadside,0.97,0.91,0.96,0.91,1,1,1,0.95,0.97,1,0.46,0,1,1,0.36,1,0.25,0,0,0.88,1,1,1,1,1,0.37,0,1,-1,-1,1,0.99,1,-1,-1,-1,-1,-1,-1,0,1,1,-1,-1,-1,-1,-1,-1,-1,-1,-1
"
http://dfwfreeways.com/i635,http://dfwfreeways.com/i635,1,1,1,1,1,1,1,1,1,1,0.72,1,1,1,1,0.88,1,1,1,1,1,1,1,1,1,1,0.64,1,-1,-1,1,1,1,-1,-1,-1,-1,-1,-1,0,1,1,-1,-1,-1,-1,-1,-1,-1,-1,-1
"
http://dfwfreeways.com/i820/driving-north,http://dfwfreeways.com/i820/driving-north,0.98,0.98,0.97,0.97,1,1,1,0.95,0.98,1,0.48,0.1,1,1,0.43,1,0.36,0.35,0.04,1,1,1,1,1,1,1,0.02,1,-1,-1,1,1,1,-1,-1,-1,-1,-1,-1,0,1,1,-1,-1,-1,-1,-1,-1,-1,-1,-1
"
http://dfwfreeways.com/i820/driving-northwest,http://dfwfreeways.com/i820/driving-northwest,0.97,0.91,0.95,0.91,1,1,1,0.97,0.97,1,0.46,0,1,1,0.36,1,0.25,0,0,0.88,1,1,1,1,1,0.73,0,1,-1,-1,1,1,1,-1,-1,-1,-1,-1,-1,0,1,1,-1,-1,-1,-1,-1,-1,-1,-1,-1
"
http://dfwfreeways.com/i820/roadside-east,http://dfwfreeways.com/i820/roadside-east,0.97,0.91,0.96,0.92,1,1,1,0.98,0.97,1,0.47,0,1,1,0.36,1,0.25,0.21,0,0.88,1,1,1,1,1,0.9,0.01,1,-1,-1,1,1,1,-1,-1,-1,-1,-1,-1,0,1,1,-1,-1,-1,-1,-1,-1,-1,-1,-1
"
http://dfwfreeways.com/i820/roadside-northwest,http://dfwfreeways.com/i820/roadside-northwest,0.98,0.96,0.98,0.95,1,1,1,0.97,0.98,1,0.47,0.22,1,1,0.43,1,0.34,0.43,0.22,1,1,1,1,1,1,1,0.03,1,-1,-1,1,1,1,-1,-1,-1,-1,-1,-1,0,1,1,-1,-1,-1,-1,-1,-1,-1,-1,-1
"
http://dfwfreeways.com/i820,http://dfwfreeways.com/i820,1,1,1,1,1,1,1,1,1,1,0.71,1,1,1,1,0.89,1,1,1,1,1,1,1,1,1,1,0.66,1,-1,-1,1,1,1,-1,-1,-1,-1,-1,-1,0,1,1,-1,-1,-1,-1,-1,-1,-1,-1,-1
"
http://dfwfreeways.com/loop12/driving,http://dfwfreeways.com/loop12/driving,0.97,0.91,0.96,0.92,1,1,1,0.98,0.97,1,0.47,0,1,1,0.36,1,0.25,0.01,0,0.88,1,1,1,1,1,0.84,0,1,-1,-1,1,1,1,-1,-1,-1,-1,-1,-1,0,1,1,-1,-1,-1,-1,-1,-1,-1,-1,-1
"
http://dfwfreeways.com/loop12/roadside,http://dfwfreeways.com/loop12/roadside,0.97,0.84,0,0.92,1,1,1,0.98,0.97,1,0.47,0,1,1,0.36,1,0.25,0.27,0,0.88,1,1,1,1,1,0.92,0.01,1,-1,-1,1,1,1,-1,-1,-1,-1,-1,-1,0,1,1,-1,-1,-1,-1,-1,-1,-1,-1,-1
"
http://dfwfreeways.com/loop12,http://dfwfreeways.com/loop12,1,1,1,1,1,1,1,1,1,1,0.72,1,1,1,1,0.88,1,1,1,1,1,1,1,1,1,1,0.67,1,-1,-1,1,1,1,-1,-1,-1,-1,-1,-1,0,1,1,-1,-1,-1,-1,-1,-1,-1,-1,-1
"
http://dfwfreeways.com/old-highway-maps,http://dfwfreeways.com/old-highway-maps,1,1,0.92,1,1,1,1,1,1,1,0.84,1,1,1,1,1,1,0,0,0.67,1,1,1,1,1,0.99,0.01,0.45,-1,-1,1,1,1,-1,-1,-1,-1,-1,-1,0,1,1,-1,-1,-1,-1,-1,-1,-1,-1,-1
"
http://dfwfreeways.com/photos/chihuly-dallas-arboretum,http://dfwfreeways.com/photos/chihuly-dallas-arboretum,0.97,0.89,0.98,0.91,1,1,1,0.99,0.97,1,0.46,0,1,1,0.36,1,0.25,0,0,0.88,1,1,1,1,1,0.01,0,1,-1,-1,1,0.99,1,-1,-1,-1,-1,-1,-1,0,1,1,-1,-1,-1,-1,-1,-1,-1,-1,-1
"
http://dfwfreeways.com/photos/illustrations,http://dfwfreeways.com/photos/illustrations,0.97,0.9,0.99,0.92,1,1,1,0.99,0.97,1,0.47,0,1,1,0.36,1,0.25,0,0,0.73,1,1,1,1,1,0.53,0,1,-1,-1,1,1,1,-1,-1,-1,-1,-1,-1,0,1,1,-1,-1,-1,-1,-1,-1,-1,-1,-1
"
http://dfwfreeways.com/photos/wright-amendment-billboards,http://dfwfreeways.com/photos/wright-amendment-billboards,0.98,0.98,0.99,0.97,1,1,1,0.98,0.98,1,0.47,0,1,1,0.43,1,0.38,0.02,0,1,1,1,1,1,1,0.77,0,1,-1,-1,1,1,1,-1,-1,-1,-1,-1,-1,0,1,1,-1,-1,-1,-1,-1,-1,-1,-1,-1
"
http://dfwfreeways.com/sh114/roadside-dfw-connector,http://dfwfreeways.com/sh114/roadside-dfw-connector,0.98,0.92,0.93,0.93,1,1,1,0.99,0.98,1,0.47,0.15,1,1,0.36,1,0.25,0.48,0.06,1,1,1,1,1,1,1,0.02,1,-1,-1,1,1,1,-1,-1,-1,-1,-1,-1,0,1,1,-1,-1,-1,-1,-1,-1,-1,-1,-1
"
http://dfwfreeways.com/sh114/roadside,http://dfwfreeways.com/sh114/roadside,0.97,0.91,0.96,0.92,1,1,1,0.98,0.97,1,0.47,0,1,1,0.36,1,0.25,0.04,0,0.88,1,1,1,1,1,0.56,0,1,-1,-1,1,1,1,-1,-1,-1,-1,-1,-1,0,1,1,-1,-1,-1,-1,-1,-1,-1,-1,-1
"
http://dfwfreeways.com/sh114,http://dfwfreeways.com/sh114,1,1,1,1,1,1,1,1,1,1,0.71,1,1,1,1,0.88,1,1,1,1,1,1,1,1,1,1,0.67,1,-1,-1,1,1,1,-1,-1,-1,-1,-1,-1,0,1,1,-1,-1,-1,-1,-1,-1,-1,-1,-1
"
http://dfwfreeways.com/sh121/driving-frisco,http://dfwfreeways.com/sh121/driving-frisco,0.98,0.93,0.99,0.93,1,1,1,0.98,0.98,1,0.47,0,1,1,0.36,1,0.25,0.12,0,1,1,1,1,1,1,0.95,0.01,1,-1,-1,1,1,1,-1,-1,-1,-1,-1,-1,0,1,1,-1,-1,-1,-1,-1,-1,-1,-1,-1
"
http://dfwfreeways.com/sh121/driving-lewisville,http://dfwfreeways.com/sh121/driving-lewisville,0.97,0.92,0.89,0.92,1,1,1,0.98,0.97,1,0.47,0,1,1,0.36,1,0.25,0,0,0.88,1,1,1,1,1,0.71,0,1,-1,-1,1,1,1,-1,-1,-1,-1,-1,-1,0,1,1,-1,-1,-1,-1,-1,-1,-1,-1,-1
"
http://dfwfreeways.com/sh121/roadside,http://dfwfreeways.com/sh121/roadside,0.98,0.93,0.99,0.93,1,1,1,0.97,0.98,1,0.47,0,1,1,0.36,1,0.25,0.26,0,1,1,1,1,1,1,0.99,0.01,1,-1,-1,1,1,1,-1,-1,-1,-1,-1,-1,0,1,1,-1,-1,-1,-1,-1,-1,-1,-1,-1
"
http://dfwfreeways.com/sh121,http://dfwfreeways.com/sh121,1,1,1,1,1,1,1,1,1,1,0.72,1,1,1,1,0.88,1,1,1,1,1,1,1,1,1,1,0.67,1,-1,-1,1,1,1,-1,-1,-1,-1,-1,-1,0,1,1,-1,-1,-1,-1,-1,-1,-1,-1,-1
"
http://dfwfreeways.com/sh170,http://dfwfreeways.com/sh170,1,1,1,1,1,1,1,1,1,1,0.72,1,1,0.88,1,0.88,1,1,1,1,1,1,1,1,1,1,0.68,1,-1,-1,1,1,1,-1,-1,-1,-1,-1,-1,0,1,1,-1,-1,-1,-1,-1,-1,-1,-1,-1
"
http://dfwfreeways.com/sh183/construction-midtown-express,http://dfwfreeways.com/sh183/construction-midtown-express,0.97,0.92,0.13,0.92,1,1,1,0.97,0.97,1,0.47,0,1,1,0.36,1,0.25,0.19,0,0.88,1,1,1,1,1,0.39,0,1,-1,-1,1,1,1,-1,-1,-1,-1,-1,-1,0,1,1,-1,-1,-1,-1,-1,-1,-1,-1,-1
"
http://dfwfreeways.com/sh183/construction-row,http://dfwfreeways.com/sh183/construction-row,0.97,0.92,0.99,0.92,1,1,1,0.98,0.97,1,0.47,0,1,1,0.36,1,0.25,0.04,0,0.88,1,1,1,1,1,0.05,0,1,-1,-1,1,0.99,1,-1,-1,-1,-1,-1,-1,0,1,1,-1,-1,-1,-1,-1,-1,-1,-1,-1
"
http://dfwfreeways.com/sh183/driving-dallas,http://dfwfreeways.com/sh183/driving-dallas,0.98,0.93,0.98,0.93,1,1,1,0.98,0.98,1,0.48,0,1,1,0.36,1,0.25,0.28,0,1,1,1,1,1,1,0.99,0.01,1,-1,-1,1,1,1,-1,-1,-1,-1,-1,-1,0,1,1,-1,-1,-1,-1,-1,-1,-1,-1,-1
"
http://dfwfreeways.com/sh183/driving-irving,http://dfwfreeways.com/sh183/driving-irving,0.84,0.97,0.76,0.98,1,1,0.97,1,0.84,1,0.38,0,1,1,0.74,1,0.64,0.19,0,0.51,1,1,1,1,1,0.93,0.01,1,-1,-1,1,1,1,-1,-1,-1,-1,-1,-1,0,1,1,-1,-1,-1,-1,-1,-1,-1,-1,-1
"
http://dfwfreeways.com/sh183/driving-nte,http://dfwfreeways.com/sh183/driving-nte,0.98,0.93,0.99,0.93,1,1,1,0.98,0.98,1,0.47,0,1,1,0.36,1,0.25,0.36,0,1,1,1,1,1,1,0.99,0.01,1,-1,-1,1,1,1,-1,-1,-1,-1,-1,-1,0,1,1,-1,-1,-1,-1,-1,-1,-1,-1,-1
"
http://dfwfreeways.com/sh183/historical,http://dfwfreeways.com/sh183/historical,0.98,0.97,0.08,0.98,1,1,1,0.97,0.98,1,0.47,0.26,1,1,0.46,1,0.41,0.61,0.37,1,1,1,1,1,1,1,0.04,1,-1,-1,1,1,1,-1,-1,-1,-1,-1,-1,0,1,1,-1,-1,-1,-1,-1,-1,-1,-1,-1
"
http://dfwfreeways.com/sh183/roadside,http://dfwfreeways.com/sh183/roadside,0.97,0.92,0.96,0.92,1,1,1,0.97,0.97,1,0.47,0,1,1,0.36,1,0.25,0.1,0,0.88,1,1,1,1,1,0.53,0,1,-1,-1,1,1,1,-1,-1,-1,-1,-1,-1,0,1,1,-1,-1,-1,-1,-1,-1,-1,-1,-1
"
http://dfwfreeways.com/sh183,http://dfwfreeways.com/sh183,1,1,1,1,1,1,1,1,1,1,0.72,1,1,1,1,0.88,1,1,1,1,1,1,1,1,1,1,0.63,1,-1,-1,1,1,1,-1,-1,-1,-1,-1,-1,0,1,1,-1,-1,-1,-1,-1,-1,-1,-1,-1
"
http://dfwfreeways.com/sh199,http://dfwfreeways.com/sh199,1,1,1,1,1,1,1,1,1,1,0.72,1,1,0.88,1,0.88,1,1,1,1,1,1,1,1,1,1,0.68,1,-1,-1,1,1,1,-1,-1,-1,-1,-1,-1,0,1,1,-1,-1,-1,-1,-1,-1,-1,-1,-1
"
http://dfwfreeways.com/sh360/roadside,http://dfwfreeways.com/sh360/roadside,0.97,0.9,0.54,0.92,1,1,1,0.97,0.97,1,0.47,0,1,1,0.36,1,0.25,0,0,0.88,1,1,1,1,1,0.48,0,1,-1,-1,1,1,1,-1,-1,-1,-1,-1,-1,0,1,1,-1,-1,-1,-1,-1,-1,-1,-1,-1
"
http://dfwfreeways.com/sh360,http://dfwfreeways.com/sh360,1,1,1,1,1,1,1,1,1,1,0.72,1,1,1,1,0.88,1,1,1,1,1,1,1,1,1,1,0.66,1,-1,-1,1,1,1,-1,-1,-1,-1,-1,-1,0,1,1,-1,-1,-1,-1,-1,-1,-1,-1,-1
"
http://dfwfreeways.com/spur366/construction-bridge,http://dfwfreeways.com/spur366/construction-bridge,0.98,0.89,0.05,0.93,1,1,1,0.98,0.98,1,0.48,0,1,1,0.36,1,0.25,0.19,0,1,1,1,1,1,1,0.51,0,1,-1,-1,1,1,1,-1,-1,-1,-1,-1,-1,0,1,1,-1,-1,-1,-1,-1,-1,-1,-1,-1
"
http://dfwfreeways.com/spur366/construction-park,http://dfwfreeways.com/spur366/construction-park,0.98,0.84,0.01,0.93,1,1,1,0.98,0.98,1,0.47,0,1,1,0.36,1,0.25,0.39,0,0.84,1,1,1,1,1,0.96,0.01,1,-1,-1,1,1,1,-1,-1,-1,-1,-1,-1,0,1,1,-1,-1,-1,-1,-1,-1,-1,-1,-1
"
http://dfwfreeways.com/spur366/driving-2007,http://dfwfreeways.com/spur366/driving-2007,0.98,0.92,0.97,0.93,1,1,1,0.98,0.98,1,0.47,0,1,1,0.36,1,0.25,0.25,0,1,1,1,1,1,1,0.99,0.01,1,-1,-1,1,1,1,-1,-1,-1,-1,-1,-1,0,1,1,-1,-1,-1,-1,-1,-1,-1,-1,-1
"
http://dfwfreeways.com/spur366/roadside-bridge-celebration,http://dfwfreeways.com/spur366/roadside-bridge-celebration,0.97,0.87,0.03,0.92,1,0.99,1,0.98,0.97,1,0.47,0,1,1,0.36,1,0.25,0,0,0.88,1,1,1,1,1,0.01,0,1,-1,-1,1,0.98,1,-1,-1,-1,-1,-1,-1,0,1,1,-1,-1,-1,-1,-1,-1,-1,-1,-1
"
http://dfwfreeways.com/spur366/roadside-bridge-clearance,http://dfwfreeways.com/spur366/roadside-bridge-clearance,0.98,0.91,0.97,0.93,1,1,1,0.98,0.98,1,0.47,0.04,1,1,0.36,1,0.25,0.39,0.02,1,1,1,1,1,1,1,0.01,1,-1,-1,1,1,1,-1,-1,-1,-1,-1,-1,0,1,1,-1,-1,-1,-1,-1,-1,-1,-1,-1
"
http://dfwfreeways.com/spur366/roadside-bridge-site,http://dfwfreeways.com/spur366/roadside-bridge-site,0.98,0.88,0.71,0.93,1,1,1,0.98,0.98,1,0.47,0,1,1,0.36,1,0.25,0.37,0.09,1,1,1,1,1,0.71,0.98,0.01,1,-1,-1,1,1,1,-1,-1,-1,-1,-1,-1,0,1,1,-1,-1,-1,-1,-1,-1,-1,-1,-1
"
http://dfwfreeways.com/spur366/roadside-continental,http://dfwfreeways.com/spur366/roadside-continental,0.98,0.98,0.99,0.97,1,1,1,0.98,0.98,1,0.47,0.21,1,1,0.43,1,0.36,0.5,0.21,1,1,1,1,1,1,1,0.04,1,-1,-1,1,1,1,-1,-1,-1,-1,-1,-1,0,1,1,-1,-1,-1,-1,-1,-1,-1,-1,-1
"
http://dfwfreeways.com/spur366/roadside-klyde-warren-park,http://dfwfreeways.com/spur366/roadside-klyde-warren-park,0.98,0.89,0.05,0.93,1,1,1,0.98,0.98,1,0.47,0,1,1,0.36,1,0.25,0.18,0,1,1,1,1,1,1,0.52,0,1,-1,-1,1,1,1,-1,-1,-1,-1,-1,-1,0,1,1,-1,-1,-1,-1,-1,-1,-1,-1,-1
"
http://dfwfreeways.com/spur366/roadside-original-freeway,http://dfwfreeways.com/spur366/roadside-original-freeway,0.97,0.92,0.95,0.92,1,1,1,0.98,0.97,1,0.47,0,1,1,0.36,1,0.25,0.27,0,0.88,1,1,1,1,1,0.98,0.01,1,-1,-1,1,1,1,-1,-1,-1,-1,-1,-1,0,1,1,-1,-1,-1,-1,-1,-1,-1,-1,-1
"
http://dfwfreeways.com/spur366,http://dfwfreeways.com/spur366,1,1,1,1,1,1,1,1,1,1,0.72,1,1,1,1,0.88,1,1,1,1,1,1,1,1,1,1,0.65,1,-1,-1,1,1,1,-1,-1,-1,-1,-1,-1,0,1,1,-1,-1,-1,-1,-1,-1,-1,-1,-1
"
http://dfwfreeways.com/spur408/driving,http://dfwfreeways.com/spur408/driving,0.98,0.93,0.97,0.93,1,1,1,0.98,0.98,1,0.47,0.08,1,1,0.36,1,0.25,0.32,0,1,1,1,1,1,1,1,0.03,1,-1,-1,1,1,1,-1,-1,-1,-1,-1,-1,0,1,1,-1,-1,-1,-1,-1,-1,-1,-1,-1
"
http://dfwfreeways.com/spur408/roadside,http://dfwfreeways.com/spur408/roadside,0.98,0.92,0.97,0.93,1,1,1,0.98,0.98,1,0.47,0,1,1,0.36,1,0.25,0.32,0,1,1,1,1,1,1,0.99,0.01,1,-1,-1,1,1,1,-1,-1,-1,-1,-1,-1,0,1,1,-1,-1,-1,-1,-1,-1,-1,-1,-1
"
http://dfwfreeways.com/spur408,http://dfwfreeways.com/spur408,1,1,1,1,1,1,1,1,1,1,0.72,1,1,1,1,0.88,1,1,1,1,1,1,1,1,1,1,0.66,1,-1,-1,1,1,1,-1,-1,-1,-1,-1,-1,0,1,1,-1,-1,-1,-1,-1,-1,-1,-1,-1
"
http://dfwfreeways.com/us175/construction,http://dfwfreeways.com/us175/construction,0.98,0.98,0.99,0.97,1,1,1,0.98,0.98,1,0.47,0,1,1,0.43,1,0.36,0.48,0.04,1,1,1,1,1,1,0.99,0.01,1,-1,-1,1,1,1,-1,-1,-1,-1,-1,-1,0,1,1,-1,-1,-1,-1,-1,-1,-1,-1,-1
"
http://dfwfreeways.com/us175/driving-southeast,http://dfwfreeways.com/us175/driving-southeast,0.98,0.92,0.98,0.93,1,1,1,0.97,0.98,1,0.47,0,1,1,0.36,1,0.25,0.24,0,1,1,1,1,1,1,0.97,0.01,1,-1,-1,1,1,1,-1,-1,-1,-1,-1,-1,0,1,1,-1,-1,-1,-1,-1,-1,-1,-1,-1
"
http://dfwfreeways.com/us175/driving-wright,http://dfwfreeways.com/us175/driving-wright,0.99,0.98,0.99,0.93,1,1,1,1,0.99,1,0.49,0,1,1,0.36,1,0.25,0.45,0.03,1,1,1,1,1,1,0.99,0.01,1,-1,-1,1,1,1,-1,-1,-1,-1,-1,-1,0,1,1,-1,-1,-1,-1,-1,-1,-1,-1,-1
"
http://dfwfreeways.com/us175/roadside,http://dfwfreeways.com/us175/roadside,0.97,0.91,0.95,0.91,1,1,1,0.98,0.97,1,0.46,0,1,1,0.36,1,0.25,0.09,0,0.88,1,1,1,1,1,0.55,0,1,-1,-1,1,1,1,-1,-1,-1,-1,-1,-1,0,1,1,-1,-1,-1,-1,-1,-1,-1,-1,-1
"
http://dfwfreeways.com/us175,http://dfwfreeways.com/us175,1,1,1,1,1,1,1,1,1,1,0.64,1,1,1,1,0.99,1,1,1,1,1,1,1,1,1,1,0.64,1,-1,-1,1,1,1,-1,-1,-1,-1,-1,-1,0,1,1,-1,-1,-1,-1,-1,-1,-1,-1,-1
"
http://dfwfreeways.com/us287-south/driving,http://dfwfreeways.com/us287-south/driving,0.98,0.93,0.97,0.93,1,1,1,0.98,0.98,1,0.47,0,1,1,0.36,1,0.25,0.19,0,1,1,1,1,1,1,0.93,0.01,1,-1,-1,1,1,1,-1,-1,-1,-1,-1,-1,0,1,1,-1,-1,-1,-1,-1,-1,-1,-1,-1
"
http://dfwfreeways.com/us287-south/roadside,http://dfwfreeways.com/us287-south/roadside,0.98,0.93,0.97,0.93,1,1,1,0.98,0.98,1,0.48,0,1,1,0.36,1,0.25,0.24,0,1,1,1,1,1,1,0.95,0.01,1,-1,-1,1,1,1,-1,-1,-1,-1,-1,-1,0,1,1,-1,-1,-1,-1,-1,-1,-1,-1,-1
"
http://dfwfreeways.com/us287-south,http://dfwfreeways.com/us287-south,1,1,1,1,1,1,1,1,1,1,0.72,1,1,1,1,0.88,1,1,1,1,1,1,1,1,1,1,0.65,1,-1,-1,1,1,1,-1,-1,-1,-1,-1,-1,0,1,1,-1,-1,-1,-1,-1,-1,-1,-1,-1
"
http://dfwfreeways.com/us67/driving,http://dfwfreeways.com/us67/driving,0.97,0.92,0.96,0.92,1,1,1,0.98,0.97,1,0.47,0,1,1,0.36,1,0.25,0.14,0,0.88,1,1,1,1,1,0.94,0.01,1,-1,-1,1,1,1,-1,-1,-1,-1,-1,-1,0,1,1,-1,-1,-1,-1,-1,-1,-1,-1,-1
"
http://dfwfreeways.com/us67/roadside,http://dfwfreeways.com/us67/roadside,0.97,0.92,0.97,0.92,1,1,1,0.98,0.97,1,0.47,0,1,1,0.36,1,0.25,0.17,0,0.88,1,1,1,1,1,0.89,0.01,1,-1,-1,1,1,1,-1,-1,-1,-1,-1,-1,0,1,1,-1,-1,-1,-1,-1,-1,-1,-1,-1
"
http://dfwfreeways.com/us67,http://dfwfreeways.com/us67,1,1,1,1,1,1,1,1,1,1,0.72,1,1,1,1,0.88,1,1,1,1,1,1,1,1,1,1,0.66,1,-1,-1,1,1,1,-1,-1,-1,-1,-1,-1,0,1,1,-1,-1,-1,-1,-1,-1,-1,-1,-1
"
http://dfwfreeways.com/us75/construction-2002-nov,http://dfwfreeways.com/us75/construction-2002-nov,0.98,0.93,0.99,0.93,1,1,1,0.98,0.98,1,0.47,0.4,1,1,0.36,1,0.25,1,0.44,1,1,1,1,1,1,1,0.03,1,-1,-1,1,1,1,-1,-1,-1,-1,-1,-1,0,1,1,-1,-1,-1,-1,-1,-1,-1,-1,-1
"
http://dfwfreeways.com/us75/construction-2004,http://dfwfreeways.com/us75/construction-2004,0.98,0.91,0.9,0.93,1,1,1,0.98,0.98,1,0.47,0.05,1,1,0.36,1,0.25,0,0,1,1,1,1,1,1,0.78,0,1,-1,-1,1,1,1,-1,-1,-1,-1,-1,-1,0,1,1,-1,-1,-1,-1,-1,-1,-1,-1,-1
"
http://dfwfreeways.com/us75/driving-dallas,http://dfwfreeways.com/us75/driving-dallas,0.98,1,0.94,0.92,1,1,1,1,0.98,1,0.49,0,1,1,0.36,1,0.25,0.01,0,0.88,1,1,1,1,1,0.67,0,1,-1,-1,1,1,1,-1,-1,-1,-1,-1,-1,0,1,1,-1,-1,-1,-1,-1,-1,-1,-1,-1
"
http://dfwfreeways.com/us75/driving-high-five,http://dfwfreeways.com/us75/driving-high-five,0.98,0.91,0.98,0.93,1,1,1,0.98,0.98,1,0.47,0.14,1,1,0.36,1,0.25,0.39,0.03,1,1,1,1,1,1,1,0.02,1,-1,-1,1,1,1,-1,-1,-1,-1,-1,-1,0,1,1,-1,-1,-1,-1,-1,-1,-1,-1,-1
"
http://dfwfreeways.com/us75/driving-mckinney,http://dfwfreeways.com/us75/driving-mckinney,0.98,0.89,0.91,0.92,1,1,1,0.97,0.98,1,0.46,0,1,1,0.36,1,0.25,0.37,0,1,1,1,1,1,1,0.98,0.01,1,-1,-1,1,1,1,-1,-1,-1,-1,-1,-1,0,1,1,-1,-1,-1,-1,-1,-1,-1,-1,-1
"
http://dfwfreeways.com/us75/driving-richardson-plano,http://dfwfreeways.com/us75/driving-richardson-plano,0.97,0.9,0.95,0.92,1,1,1,0.97,0.97,1,0.47,0,1,1,0.36,1,0.25,0.21,0,0.88,1,1,1,1,1,0.96,0.01,1,-1,-1,1,1,1,-1,-1,-1,-1,-1,-1,0,1,1,-1,-1,-1,-1,-1,-1,-1,-1,-1
"
http://dfwfreeways.com/us75/historical,http://dfwfreeways.com/us75/historical,0.97,0.86,0.01,0.92,1,0.99,1,0.98,0.97,1,0.47,0,1,1,0.36,1,0.25,0.12,0,0.88,1,1,1,1,1,0.68,0,1,-1,-1,1,1,1,-1,-1,-1,-1,-1,-1,0,1,1,-1,-1,-1,-1,-1,-1,-1,-1,-1
"
http://dfwfreeways.com/us75/roadside-dallas,http://dfwfreeways.com/us75/roadside-dallas,0.98,0.88,0.82,0.93,1,1,1,0.98,0.98,1,0.47,0,1,1,0.36,1,0.25,0.19,0,1,1,1,1,1,1,0.84,0,1,-1,-1,1,1,1,-1,-1,-1,-1,-1,-1,0,1,1,-1,-1,-1,-1,-1,-1,-1,-1,-1
"
http://dfwfreeways.com/us75/roadside-downtown,http://dfwfreeways.com/us75/roadside-downtown,0.98,0.92,0.97,0.93,1,1,1,0.98,0.98,1,0.47,0,1,1,0.36,1,0.25,0.3,0,1,1,1,1,1,1,0.98,0.01,1,-1,-1,1,1,1,-1,-1,-1,-1,-1,-1,0,1,1,-1,-1,-1,-1,-1,-1,-1,-1,-1
"
http://dfwfreeways.com/us75/roadside-high-five,http://dfwfreeways.com/us75/roadside-high-five,0.97,0.91,0.95,0.92,1,1,1,0.98,0.97,1,0.47,0,1,1,0.36,1,0.25,0,0,0.88,1,1,1,1,1,0.39,0,1,-1,-1,1,1,1,-1,-1,-1,-1,-1,-1,0,1,1,-1,-1,-1,-1,-1,-1,-1,-1,-1
"
http://dfwfreeways.com/us75/roadside-richardson-plano,http://dfwfreeways.com/us75/roadside-richardson-plano,0.98,0.96,0.11,0.97,1,1,1,0.98,0.98,1,0.47,0.22,1,1,0.43,1,0.36,0.44,0.19,1,1,1,1,1,1,1,0.03,1,-1,-1,1,1,1,-1,-1,-1,-1,-1,-1,0,1,1,-1,-1,-1,-1,-1,-1,-1,-1,-1
"
http://dfwfreeways.com/us75,http://dfwfreeways.com/us75,1,1,1,1,1,1,1,1,1,1,0.83,1,1,1,1,0.88,1,1,1,1,1,1,1,1,1,1,0.64,1,-1,-1,1,1,1,-1,-1,-1,-1,-1,-1,0,1,1,-1,-1,-1,-1,-1,-1,-1,-1,-1
"
http://dfwfreeways.com/us80/driving,http://dfwfreeways.com/us80/driving,0.99,1,0.98,0.93,1,1,1,1,0.99,1,0.49,0,1,1,0.36,1,0.25,0.19,0,1,1,1,1,1,1,0.95,0.01,1,-1,-1,1,1,1,-1,-1,-1,-1,-1,-1,0,1,1,-1,-1,-1,-1,-1,-1,-1,-1,-1
"
http://dfwfreeways.com/us80/roadside,http://dfwfreeways.com/us80/roadside,0.98,0.92,0.97,0.93,1,1,1,0.98,0.98,1,0.47,0,1,1,0.36,1,0.25,0.24,0,1,1,1,1,1,1,0.98,0.01,1,-1,-1,1,1,1,-1,-1,-1,-1,-1,-1,0,1,1,-1,-1,-1,-1,-1,-1,-1,-1,-1
"
http://dfwfreeways.com/us80,http://dfwfreeways.com/us80,1,1,1,1,1,1,1,1,1,1,0.72,1,1,1,1,0.88,1,1,1,1,1,1,1,1,1,1,0.66,1,-1,-1,1,1,1,-1,-1,-1,-1,-1,-1,0,1,1,-1,-1,-1,-1,-1,-1,-1,-1,-1
"
